DID,Dist,PID,Dir,Apara,r,slope,cant,LW,RW
1,0,100,-3.11582,0,9e+10,0,0,1.4968,1.4968
2,0.972142,101,0.0257752,0,9e+10,0,0,1.4968,1.4968
3,1.94428,102,0.0257752,0,9e+10,0,0,1.4968,1.4968
4,2.91643,103,0.0257752,0,9e+10,0,0,1.49679,1.49679
5,3.88857,104,0.0257752,0,9e+10,0,0,1.49679,1.49679
6,4.86071,105,0.0257752,0,9e+10,0,0,1.49679,1.49679
7,5.83285,106,0.0257752,0,9e+10,0,0,1.49679,1.49679
8,6.80499,107,0.0257752,0,9e+10,0,0,1.49679,1.49679
9,7.77713,108,0.0257752,0,9e+10,0,0,1.49678,1.49678
10,8.74928,109,0.0257752,0,9e+10,0,0,1.49678,1.49678
11,9.72142,110,0.0257752,0,9e+10,0,0,1.49678,1.49678
12,10.6936,111,0.0257752,0,9e+10,0,0,1.49678,1.49678
13,11.6657,112,0.0257752,0,9e+10,0,0,1.49677,1.49678
14,12.6378,113,0.0257752,0,9e+10,0,0,1.49677,1.49677
15,13.61,114,0.0257752,0,9e+10,0,0,1.49677,1.49677
16,14.5821,115,0.0229186,0,9e+10,0,0,1.49677,1.49677
17,15.5543,116,0.0159718,0,9e+10,0,0,1.49679,1.49679
18,16.5264,117,0.00797291,0,9e+10,0,0,1.49677,1.49677
19,17.4985,118,0.000184176,0,9e+10,0,0,1.49672,1.49674
20,18.4707,119,-0.00753474,0,9e+10,0,0,1.49672,1.49672
21,19.4428,120,-0.0153,0,9e+10,0,0,1.49672,1.4967
22,20.415,121,-0.0230814,0,9e+10,0,0,1.49671,1.49671
23,21.3871,122,-0.0308494,0,9e+10,0,0,1.49667,1.49668
24,22.3592,123,-0.0386352,0,9e+10,0,0,1.49661,1.49665
25,23.3314,124,-0.0464315,0,9e+10,0,0,1.49657,1.4967
26,24.3035,125,-0.0542256,0,9e+10,0,0,1.49647,1.4967
27,25.2756,126,-0.0619471,0,9e+10,0,0,1.49646,1.4967
28,26.2478,127,-0.0696992,0,9e+10,0,0,1.49651,1.49663
29,27.2199,128,-0.0775284,0,9e+10,0,0,1.49655,1.49656
30,28.1921,129,-0.0853337,0,9e+10,0,0,1.49653,1.49654
31,29.1642,130,-0.0930874,0,9e+10,0,0,1.49656,1.49656
32,30.1363,131,-0.100856,0,9e+10,0,0,1.49649,1.4965
33,31.1085,132,-0.108611,0,9e+10,0,0,1.49649,1.49649
34,32.0806,133,-0.116366,0,9e+10,0,0,1.49648,1.49648
35,33.0528,134,-0.124143,0,9e+10,0,0,1.49646,1.49646
36,34.0249,135,-0.131912,0,9e+10,0,0,1.49646,1.49646
37,34.997,136,-0.139684,0,9e+10,0,0,1.49642,1.49642
38,35.9692,137,-0.147427,0,9e+10,0,0,1.49639,1.4964
39,36.9413,138,-0.155197,0,9e+10,0,0,1.49638,1.49638
40,37.9134,139,-0.162984,0,9e+10,0,0,1.49638,1.49638
41,38.8856,140,-0.170734,0,9e+10,0,0,1.49638,1.49639
42,39.8577,141,-0.178511,0,9e+10,0,0,1.49635,1.49635
43,40.8299,142,-0.186273,0,9e+10,0,0,1.49633,1.49633
44,41.802,143,-0.194023,0,9e+10,0,0,1.49628,1.49628
45,0,168,2.1578,0,9e+10,0,0,1.49628,1.49628
46,0.994701,169,-0.983791,0,9e+10,0,0,1.49628,1.49628
47,1.9894,170,-0.983791,0,9e+10,0,0,1.49628,1.49628
48,2.9841,171,-0.983791,0,9e+10,0,0,1.49628,1.49628
49,3.9788,172,-0.983791,0,9e+10,0,0,1.49628,1.49628
50,4.9735,173,-0.983791,0,9e+10,0,0,1.49628,1.49628
51,5.96821,174,-0.983791,0,9e+10,0,0,1.49628,1.49628
52,6.96291,175,-0.983791,0,9e+10,0,0,1.49628,1.49628
53,7.95761,176,-0.983791,0,9e+10,0,0,1.49628,1.49628
54,8.95231,177,-0.983791,0,9e+10,0,0,1.49628,1.49628
55,9.94701,178,-0.983791,0,9e+10,0,0,1.49628,1.49628
56,10.9417,179,-0.983791,0,9e+10,0,0,1.49628,1.49628
57,11.9364,180,-0.983791,0,9e+10,0,0,1.49628,1.49628
58,12.9311,181,-0.983791,0,9e+10,0,0,1.49628,1.49628
59,13.9258,182,-0.983791,0,9e+10,0,0,1.49628,1.49628
60,14.9205,183,-0.983791,0,9e+10,0,0,1.49628,1.49628
61,15.9152,184,-0.983791,0,9e+10,0,0,1.49628,1.49628
62,16.9099,185,-0.983791,0,9e+10,0,0,1.49628,1.49628
63,17.9046,186,-0.983791,0,9e+10,0,0,1.49628,1.49628
64,18.8993,187,-0.983791,0,9e+10,0,0,1.49628,1.49628
65,19.894,188,-0.983791,0,9e+10,0,0,1.49628,1.49628
66,20.8887,189,-0.983791,0,9e+10,0,0,1.49628,1.49628
67,21.8834,190,-0.983791,0,9e+10,0,0,1.49628,1.49628
68,0,217,0.0263467,0,9e+10,0,0,1.4968,1.4968
69,0.958309,218,0.0263467,0,9e+10,0,0,1.49677,1.49676
70,1.91662,219,0.0263467,0,9e+10,0,0,1.49673,1.49673
71,2.87493,220,0.0263467,0,9e+10,0,0,1.4967,1.4967
72,3.83323,221,0.0263467,0,9e+10,0,0,1.49667,1.49666
73,4.79154,222,0.0313336,0,9e+10,0,0,1.49664,1.49663
74,5.74981,223,0.0473599,0,9e+10,0,0,1.4971,1.49666
75,6.7081,224,0.068579,0,9e+10,0,0,1.49741,1.49673
76,7.66639,225,0.0889185,0,9e+10,0,0,1.49769,1.49675
77,8.62467,226,0.109213,0,9e+10,0,0,1.49776,1.49698
78,9.58296,227,0.129517,0,9e+10,0,0,1.49772,1.49733
79,10.5413,228,0.149942,0,9e+10,0,0,1.49769,1.49769
80,11.4995,229,0.170322,0,9e+10,0,0,1.49787,1.49791
81,12.4578,230,0.190615,0,9e+10,0,0,1.49804,1.49807
82,13.4161,231,0.210945,0,9e+10,0,0,1.49819,1.49822
83,14.3744,232,0.231253,0,9e+10,0,0,1.49838,1.49839
84,15.3327,233,0.251546,0,9e+10,0,0,1.49851,1.49853
85,16.291,234,0.271857,0,9e+10,0,0,1.49869,1.4987
86,17.2492,235,0.292161,0,9e+10,0,0,1.49889,1.49891
87,18.2075,236,0.312471,0,9e+10,0,0,1.49903,1.49904
88,19.1658,237,0.33278,0,9e+10,0,0,1.49923,1.49924
89,20.1241,238,0.353069,0,9e+10,0,0,1.49938,1.49939
90,21.0824,239,0.37338,0,9e+10,0,0,1.49954,1.49955
91,22.0407,240,0.393702,0,9e+10,0,0,1.49975,1.49975
92,22.999,241,0.413994,0,9e+10,0,0,1.4999,1.4999
93,0,269,-2.71696,0,9e+10,0,0,1.50001,1.49999
94,0.968553,270,0.414981,0,9e+10,0,0,1.49992,1.49992
95,1.9371,271,0.395668,0,9e+10,0,0,1.49979,1.49978
96,2.90565,272,0.376326,0,9e+10,0,0,1.49958,1.49958
97,3.8742,273,0.35699,0,9e+10,0,0,1.49945,1.49944
98,4.84274,274,0.337686,0,9e+10,0,0,1.49926,1.49925
99,5.81128,275,0.318357,0,9e+10,0,0,1.49914,1.49914
100,6.77983,276,0.299025,0,9e+10,0,0,1.49898,1.49897
101,7.74837,277,0.279711,0,9e+10,0,0,1.49879,1.49878
102,8.71691,278,0.260374,0,9e+10,0,0,1.49864,1.49863
103,9.68545,279,0.241046,0,9e+10,0,0,1.49851,1.49849
104,10.654,280,0.221746,0,9e+10,0,0,1.49833,1.4983
105,11.6225,281,0.202429,0,9e+10,0,0,1.49817,1.49815
106,12.5911,282,0.183061,0,9e+10,0,0,1.49803,1.498
107,13.5596,283,0.163673,0,9e+10,0,0,1.49787,1.49784
108,14.5282,284,0.144288,0,9e+10,0,0,1.49753,1.49775
109,15.4967,285,0.124924,0,9e+10,0,0,1.49723,1.49778
110,16.4653,286,0.1056,0,9e+10,0,0,1.4969,1.49775
111,17.4338,287,0.0862521,0,9e+10,0,0,1.49685,1.49749
112,18.4024,288,0.0669387,0,9e+10,0,0,1.49683,1.49722
113,19.3709,289,0.0467134,0,9e+10,0,0,1.49682,1.497
114,20.3394,290,0.0312176,0,9e+10,0,0,1.49665,1.49665
115,21.308,291,0.0263282,0,9e+10,0,0,1.49668,1.49668
116,22.2766,292,0.0263282,0,9e+10,0,0,1.49671,1.49671
117,23.2451,293,0.0263282,0,9e+10,0,0,1.49674,1.49674
118,24.2137,294,0.0263282,0,9e+10,0,0,1.49677,1.49677
119,0,320,2.48607,0,9e+10,0,0,1.49666,1.49666
120,0.92605,321,-0.655523,0,9e+10,0,0,1.49655,1.49654
121,1.8521,322,-0.655523,0,9e+10,0,0,1.49645,1.49643
122,2.77815,323,-0.655523,0,9e+10,0,0,1.49634,1.49631
123,3.7042,324,-0.655523,0,9e+10,0,0,1.49624,1.4962
124,4.63025,325,-0.655523,0,9e+10,0,0,1.49613,1.49608
125,5.5563,326,-0.655523,0,9e+10,0,0,1.49603,1.49597
126,6.48235,327,-0.655523,0,9e+10,0,0,1.49592,1.49585
127,7.4084,328,-0.655523,0,9e+10,0,0,1.49581,1.49573
128,8.33445,329,-0.655523,0,9e+10,0,0,1.49571,1.49562
129,9.2605,330,-0.652779,0,9e+10,0,0,1.4956,1.4955
130,10.1865,331,-0.632361,0,9e+10,0,0,1.50058,1.4903
131,11.1121,332,-0.588407,0,9e+10,0,0,1.50089,1.49209
132,12.0378,333,-0.536449,0,9e+10,0,0,1.49984,1.49328
133,12.9635,334,-0.48488,0,9e+10,0,0,1.4993,1.49378
134,13.8893,335,-0.433611,0,9e+10,0,0,1.49965,1.49348
135,14.8151,336,-0.38287,0,9e+10,0,0,1.50001,1.49308
136,15.7409,337,-0.332081,0,9e+10,0,0,1.49914,1.49406
137,16.6667,338,-0.281131,0,9e+10,0,0,1.49774,1.49545
138,17.5926,339,-0.22962,0,9e+10,0,0,1.4966,1.49658
139,18.5185,340,-0.178226,0,9e+10,0,0,1.49663,1.49662
140,19.4444,341,-0.12746,0,9e+10,0,0,1.49666,1.49665
141,20.3703,342,-0.0766801,0,9e+10,0,0,1.49665,1.49665
142,21.2962,343,-0.0258572,0,9e+10,0,0,1.49669,1.4967
143,0,355,0.0258441,0,9e+10,0,0,1.4968,1.4968
144,0.95816,356,0.0258441,0,9e+10,0,0,1.4968,1.4968
145,1.91632,357,0.0258441,0,9e+10,0,0,1.4968,1.4968
146,2.87448,358,0.0258441,0,9e+10,0,0,1.4968,1.4968
147,3.83264,359,0.0258441,0,9e+10,0,0,1.4968,1.4968
148,4.7908,360,0.0258441,0,9e+10,0,0,1.4968,1.4968
149,5.74896,361,0.0258441,0,9e+10,0,0,1.4968,1.4968
150,6.70712,362,0.0258441,0,9e+10,0,0,1.4968,1.4968
151,7.66528,363,0.0258441,0,9e+10,0,0,1.4968,1.4968
152,8.62344,364,0.0258441,0,9e+10,0,0,1.4968,1.4968
153,0,376,-3.11575,0,9e+10,0,0,1.4968,1.4968
154,0.95816,377,0.0258441,0,9e+10,0,0,1.4968,1.4968
155,1.91632,378,0.0258441,0,9e+10,0,0,1.4968,1.4968
156,2.87448,379,0.0258441,0,9e+10,0,0,1.4968,1.4968
157,3.83264,380,0.0258441,0,9e+10,0,0,1.4968,1.4968
158,4.7908,381,0.0258441,0,9e+10,0,0,1.4968,1.4968
159,5.74896,382,0.0258441,0,9e+10,0,0,1.4968,1.4968
160,6.70712,383,0.0258441,0,9e+10,0,0,1.4968,1.4968
161,7.66528,384,0.0258441,0,9e+10,0,0,1.4968,1.4968
162,8.62344,385,0.0258441,0,9e+10,0,0,1.4968,1.4968
163,0,402,-1.90553,0,9e+10,0,0,1.49996,1.50001
164,0.918961,403,1.25075,0,9e+10,0,0,1.49989,1.49989
165,1.83791,404,1.28013,0,9e+10,0,0,1.49967,1.49966
166,2.75685,405,1.30953,0,9e+10,0,0,1.4994,1.4994
167,3.67579,406,1.33893,0,9e+10,0,0,1.49919,1.49919
168,4.59472,407,1.36831,0,9e+10,0,0,1.49898,1.49898
169,5.51366,408,1.39771,0,9e+10,0,0,1.49873,1.49873
170,6.43261,409,1.42711,0,9e+10,0,0,1.49848,1.49848
171,7.35156,410,1.45675,0,9e+10,0,0,1.49831,1.49831
172,8.27052,411,1.48664,0,9e+10,0,0,1.49808,1.49808
173,9.18947,412,1.51626,0,9e+10,0,0,1.49786,1.49786
174,10.1084,413,1.54565,0,9e+10,0,0,1.49761,1.49761
175,11.0274,414,-1.56652,0,9e+10,0,0,1.49739,1.49739
176,11.9463,415,-1.53714,0,9e+10,0,0,1.49719,1.4972
177,12.8652,416,-1.50825,0,9e+10,0,0,1.49695,1.49695
178,0,438,2.15251,0,9e+10,0,0,1.49628,1.49624
179,0.836693,439,-0.989083,0,9e+10,0,0,1.49383,1.49458
180,1.67339,440,-0.989083,0,9e+10,0,0,1.4914,1.49292
181,2.51008,441,-0.989083,0,9e+10,0,0,1.48896,1.49126
182,3.34677,442,-1.0254,0,9e+10,0,0,1.48652,1.48961
183,4.18098,443,-1.11065,0,9e+10,0,0,1.46084,1.53052
184,5.01229,444,-1.22934,0,9e+10,0,0,1.46627,1.524
185,5.84441,445,-1.36629,0,9e+10,0,0,1.46845,1.52195
186,6.67685,446,-1.49851,0,9e+10,0,0,1.47454,1.51588
187,7.51022,447,1.50724,0,9e+10,0,0,1.48069,1.50982
188,8.34395,448,1.37018,0,9e+10,0,0,1.47844,1.5132
189,9.17795,449,1.23796,0,9e+10,0,0,1.48354,1.50714
190,10.0125,450,1.10257,0,9e+10,0,0,1.48811,1.5026
191,10.847,451,0.968083,0,9e+10,0,0,1.48544,1.50538
192,11.6819,452,0.835097,0,9e+10,0,0,1.49056,1.50036
193,12.5173,453,0.698023,0,9e+10,0,0,1.49464,1.49632
194,13.3528,454,0.563834,0,9e+10,0,0,1.49189,1.49911
195,14.1883,455,0.42989,0,9e+10,0,0,1.49314,1.49801
196,15.024,456,0.294551,0,9e+10,0,0,1.4956,1.49558
197,15.8597,457,0.162894,0,9e+10,0,0,1.49597,1.49588
198,0,482,-1.48188,0,9e+10,0,0,1.49691,1.49691
199,0.976641,483,-1.48188,0,9e+10,0,0,1.49691,1.49691
200,1.95328,484,-1.48188,0,9e+10,0,0,1.49691,1.49691
201,2.92992,485,-1.48188,0,9e+10,0,0,1.49691,1.49691
202,3.90656,486,-1.48188,0,9e+10,0,0,1.49691,1.49691
203,4.8832,487,-1.48188,0,9e+10,0,0,1.49691,1.49691
204,5.85985,488,-1.48188,0,9e+10,0,0,1.49691,1.49691
205,6.83649,489,-1.48188,0,9e+10,0,0,1.49691,1.49691
206,7.81313,490,-1.48188,0,9e+10,0,0,1.49691,1.49691
207,8.78977,491,-1.48188,0,9e+10,0,0,1.49691,1.49691
208,9.76641,492,-1.48188,0,9e+10,0,0,1.49691,1.49691
209,10.743,493,-1.48188,0,9e+10,0,0,1.49691,1.49691
210,11.7197,494,-1.48188,0,9e+10,0,0,1.49691,1.49691
211,12.6963,495,-1.48188,0,9e+10,0,0,1.49691,1.49691
212,13.673,496,-1.48188,0,9e+10,0,0,1.49691,1.49691
213,14.6496,497,-1.48188,0,9e+10,0,0,1.49691,1.49691
214,15.6263,498,-1.48188,0,9e+10,0,0,1.49691,1.49691
215,16.6029,499,-1.48188,0,9e+10,0,0,1.49691,1.49691
216,17.5795,500,-1.48188,0,9e+10,0,0,1.49691,1.49691
217,18.5562,501,-1.48188,0,9e+10,0,0,1.49691,1.49691
218,19.5328,502,-1.48188,0,9e+10,0,0,1.49691,1.49691
219,20.5095,503,-1.48188,0,9e+10,0,0,1.49691,1.49691
220,21.4861,504,-1.48188,0,9e+10,0,0,1.49691,1.49691
221,0,527,1.86262,0,9e+10,0,0,1.50002,1.50002
222,0.981779,528,-1.27898,0,9e+10,0,0,1.50002,1.50002
223,1.96356,529,-1.27898,0,9e+10,0,0,1.50002,1.50002
224,2.94534,530,-1.27898,0,9e+10,0,0,1.50002,1.50002
225,3.92712,531,-1.27898,0,9e+10,0,0,1.50002,1.50002
226,4.90889,532,-1.27898,0,9e+10,0,0,1.50002,1.50002
227,5.89067,533,-1.27898,0,9e+10,0,0,1.50002,1.50002
228,6.87245,534,-1.27898,0,9e+10,0,0,1.50002,1.50002
229,7.85423,535,-1.27898,0,9e+10,0,0,1.50002,1.50002
230,8.83601,536,-1.27898,0,9e+10,0,0,1.50002,1.50002
231,9.81779,537,-1.27898,0,9e+10,0,0,1.50002,1.50002
232,10.7996,538,-1.27898,0,9e+10,0,0,1.50002,1.50002
233,11.7813,539,-1.27898,0,9e+10,0,0,1.50002,1.50002
234,12.7631,540,-1.27898,0,9e+10,0,0,1.50002,1.50002
235,13.7449,541,-1.27898,0,9e+10,0,0,1.50002,1.50002
236,14.7267,542,-1.27898,0,9e+10,0,0,1.50002,1.50002
237,15.7085,543,-1.27898,0,9e+10,0,0,1.50002,1.50002
238,16.6902,544,-1.27898,0,9e+10,0,0,1.50002,1.50002
239,17.672,545,-1.27898,0,9e+10,0,0,1.50002,1.50002
240,18.6538,546,-1.27898,0,9e+10,0,0,1.50002,1.50002
241,19.6356,547,-1.27898,0,9e+10,0,0,1.50002,1.50002
242,0,571,2.43388,0,9e+10,0,0,1.49666,1.49592
243,0.82646,572,-0.753889,0,9e+10,0,0,1.49628,1.49631
244,1.65271,573,-0.846203,0,9e+10,0,0,1.49628,1.49629
245,2.47912,574,-0.9432,0,9e+10,0,0,1.49663,1.49649
246,3.30557,575,-1.04092,0,9e+10,0,0,1.49664,1.49664
247,4.13182,576,-1.13395,0,9e+10,0,0,1.49679,1.4968
248,4.95819,577,-1.23023,0,9e+10,0,0,1.49694,1.49696
249,5.78464,578,-1.32791,0,9e+10,0,0,1.49713,1.49714
250,6.61091,579,-1.42166,0,9e+10,0,0,1.49727,1.49727
251,7.43723,580,-1.51725,0,9e+10,0,0,1.49744,1.49747
252,8.26369,581,1.52665,0,9e+10,0,0,1.4976,1.49761
253,9.08997,582,1.43218,0,9e+10,0,0,1.49776,1.49778
254,9.91627,583,1.33732,0,9e+10,0,0,1.49791,1.49793
255,10.7427,584,1.23964,0,9e+10,0,0,1.4981,1.49811
256,11.569,585,1.14446,0,9e+10,0,0,1.49826,1.49828
257,12.3953,586,1.05003,0,9e+10,0,0,1.49841,1.49845
258,13.2217,587,0.952623,0,9e+10,0,0,1.49807,1.49904
259,14.0481,588,0.856995,0,9e+10,0,0,1.49874,1.49876
260,14.8743,589,0.762521,0,9e+10,0,0,1.49891,1.49894
261,15.7007,590,0.665595,0,9e+10,0,0,1.4978,1.50039
262,16.527,591,0.568442,0,9e+10,0,0,1.49926,1.49928
263,17.3531,592,0.484602,0,9e+10,0,0,1.49623,1.49714
264,0,645,-1.25201,0,9e+10,0,0,1.49942,1.49376
265,0.968462,646,-1.40635,0,9e+10,0,0,1.43199,1.45161
266,1.94772,647,1.55843,0,9e+10,0,0,1.40652,1.40918
267,2.93365,648,1.53596,0,9e+10,0,0,1.40813,1.41074
268,3.91958,649,1.53596,0,9e+10,0,0,1.40973,1.4123
269,4.90552,650,1.53596,0,9e+10,0,0,1.41134,1.41386
270,5.89145,651,1.53596,0,9e+10,0,0,1.41294,1.41543
271,6.87738,652,1.53596,0,9e+10,0,0,1.41455,1.41699
272,7.86331,653,1.53596,0,9e+10,0,0,1.41615,1.41855
273,8.84924,654,1.53596,0,9e+10,0,0,1.41776,1.42012
274,9.83517,655,1.53596,0,9e+10,0,0,1.41936,1.42168
275,10.8211,656,1.53596,0,9e+10,0,0,1.42097,1.42324
276,11.807,657,1.53596,0,9e+10,0,0,1.42257,1.42481
277,12.793,658,1.53596,0,9e+10,0,0,1.42418,1.42637
278,13.7789,659,1.53596,0,9e+10,0,0,1.42578,1.42793
279,14.7648,660,1.53596,0,9e+10,0,0,1.42739,1.42949
280,15.7508,661,1.53596,0,9e+10,0,0,1.42899,1.43106
281,16.7367,662,1.53596,0,9e+10,0,0,1.4306,1.43262
282,17.7226,663,1.53596,0,9e+10,0,0,1.4322,1.43418
283,18.7086,664,1.53596,0,9e+10,0,0,1.43381,1.43575
284,19.6945,665,1.53596,0,9e+10,0,0,1.43541,1.43731
285,20.6804,666,1.53596,0,9e+10,0,0,1.43702,1.43887
286,21.6663,667,1.53596,0,9e+10,0,0,1.43862,1.44043
287,22.6523,668,1.53596,0,9e+10,0,0,1.44023,1.442
288,23.6382,669,1.53596,0,9e+10,0,0,1.44183,1.44356
289,24.6241,670,1.53596,0,9e+10,0,0,1.44344,1.44512
290,25.6101,671,1.53596,0,9e+10,0,0,1.44504,1.44669
291,26.596,672,1.53596,0,9e+10,0,0,1.44665,1.44825
292,27.5819,673,1.53596,0,9e+10,0,0,1.44825,1.44981
293,28.5679,674,1.53596,0,9e+10,0,0,1.44986,1.45137
294,29.5538,675,1.53596,0,9e+10,0,0,1.45146,1.45294
295,30.5397,676,1.53596,0,9e+10,0,0,1.45307,1.4545
296,31.5257,677,1.53596,0,9e+10,0,0,1.45467,1.45606
297,32.5116,678,1.53596,0,9e+10,0,0,1.45628,1.45763
298,33.4975,679,1.53596,0,9e+10,0,0,1.45788,1.45919
299,34.4835,680,1.53596,0,9e+10,0,0,1.45949,1.46075
300,35.4694,681,1.53596,0,9e+10,0,0,1.46109,1.46231
301,36.4553,682,1.53596,0,9e+10,0,0,1.4627,1.46388
302,37.4412,683,1.53596,0,9e+10,0,0,1.4643,1.46544
303,38.4272,684,1.53596,0,9e+10,0,0,1.46591,1.467
304,39.4131,685,1.53596,0,9e+10,0,0,1.46751,1.46857
305,40.399,686,1.53596,0,9e+10,0,0,1.46912,1.47013
306,41.385,687,1.53596,0,9e+10,0,0,1.47072,1.47169
307,42.3709,688,1.53596,0,9e+10,0,0,1.47233,1.47325
308,43.3568,689,1.53596,0,9e+10,0,0,1.47393,1.47482
309,44.3428,690,1.53596,0,9e+10,0,0,1.47554,1.47638
310,45.3287,691,1.53596,0,9e+10,0,0,1.47714,1.47794
311,46.3146,692,1.53596,0,9e+10,0,0,1.47874,1.47951
312,47.3006,693,1.53596,0,9e+10,0,0,1.48035,1.48107
313,48.2865,694,1.53596,0,9e+10,0,0,1.48195,1.48263
314,49.2724,695,1.53596,0,9e+10,0,0,1.48356,1.4842
315,0,732,0.646811,0,9e+10,0,0,1.49991,1.49991
316,0.974585,733,0.646811,0,9e+10,0,0,1.49991,1.49991
317,1.94917,734,0.646811,0,9e+10,0,0,1.49991,1.49991
318,2.92376,735,0.646811,0,9e+10,0,0,1.49991,1.49991
319,3.89834,736,0.646811,0,9e+10,0,0,1.49991,1.49991
320,4.87293,737,0.646811,0,9e+10,0,0,1.49991,1.49991
321,5.84751,738,0.646811,0,9e+10,0,0,1.49991,1.49991
322,6.8221,739,0.646811,0,9e+10,0,0,1.49991,1.49991
323,7.79668,740,0.646811,0,9e+10,0,0,1.49991,1.49991
324,8.77127,741,0.646811,0,9e+10,0,0,1.49991,1.49991
325,9.74585,742,0.646811,0,9e+10,0,0,1.49991,1.49991
326,10.7204,743,0.646811,0,9e+10,0,0,1.49991,1.49991
327,11.695,744,0.646811,0,9e+10,0,0,1.49991,1.49991
328,12.6696,745,0.646811,0,9e+10,0,0,1.49991,1.49991
329,13.6442,746,0.646811,0,9e+10,0,0,1.49991,1.49991
330,14.6188,747,0.646811,0,9e+10,0,0,1.49991,1.49991
331,15.5934,748,0.646811,0,9e+10,0,0,1.49991,1.49991
332,16.568,749,0.646811,0,9e+10,0,0,1.49991,1.49991
333,17.5425,750,0.646811,0,9e+10,0,0,1.49991,1.49991
334,18.5171,751,0.646811,0,9e+10,0,0,1.49991,1.49991
335,19.4917,752,0.646811,0,9e+10,0,0,1.49991,1.49991
336,20.4663,753,0.646811,0,9e+10,0,0,1.49991,1.49991
337,21.4409,754,0.646811,0,9e+10,0,0,1.49991,1.49991
338,22.4155,755,0.646811,0,9e+10,0,0,1.49991,1.49991
339,23.39,756,0.646811,0,9e+10,0,0,1.49991,1.49991
340,24.3646,757,0.646811,0,9e+10,0,0,1.49991,1.49991
341,25.3392,758,0.646811,0,9e+10,0,0,1.49991,1.49991
342,26.3138,759,0.646811,0,9e+10,0,0,1.49991,1.49991
343,27.2884,760,0.646811,0,9e+10,0,0,1.49991,1.49991
344,28.263,761,0.646811,0,9e+10,0,0,1.49991,1.49991
345,29.2376,762,0.646811,0,9e+10,0,0,1.49991,1.49991
346,30.2121,763,0.646811,0,9e+10,0,0,1.49991,1.49991
347,31.1867,764,0.646811,0,9e+10,0,0,1.49991,1.49991
348,32.1613,765,0.646811,0,9e+10,0,0,1.49991,1.49991
349,33.1359,766,0.646811,0,9e+10,0,0,1.49991,1.49991
350,0,813,-2.70714,0,9e+10,0,0,1.50001,1.50001
351,0.977899,814,0.434457,0,9e+10,0,0,1.50001,1.50001
352,1.9558,815,0.434457,0,9e+10,0,0,1.50001,1.50001
353,2.9337,816,0.434457,0,9e+10,0,0,1.50001,1.50001
354,3.9116,817,0.434457,0,9e+10,0,0,1.50001,1.50001
355,4.8895,818,0.434457,0,9e+10,0,0,1.50001,1.50001
356,5.8674,819,0.434457,0,9e+10,0,0,1.50001,1.50001
357,6.8453,820,0.434457,0,9e+10,0,0,1.50001,1.50001
358,7.82319,821,0.434457,0,9e+10,0,0,1.50001,1.50001
359,8.80109,822,0.434457,0,9e+10,0,0,1.50001,1.50001
360,9.77899,823,0.434457,0,9e+10,0,0,1.50001,1.50001
361,10.7569,824,0.434457,0,9e+10,0,0,1.50001,1.50001
362,11.7348,825,0.434457,0,9e+10,0,0,1.50001,1.50001
363,12.7127,826,0.434457,0,9e+10,0,0,1.50001,1.50001
364,13.6906,827,0.434457,0,9e+10,0,0,1.50001,1.50001
365,14.6685,828,0.434457,0,9e+10,0,0,1.50001,1.50001
366,15.6464,829,0.434457,0,9e+10,0,0,1.50001,1.50001
367,16.6243,830,0.434457,0,9e+10,0,0,1.50001,1.50001
368,17.6022,831,0.434457,0,9e+10,0,0,1.50001,1.50001
369,18.5801,832,0.434457,0,9e+10,0,0,1.50001,1.50001
370,19.558,833,0.434457,0,9e+10,0,0,1.50001,1.50001
371,20.5359,834,0.434457,0,9e+10,0,0,1.50001,1.50001
372,21.5138,835,0.434457,0,9e+10,0,0,1.50001,1.50001
373,22.4917,836,0.434457,0,9e+10,0,0,1.50001,1.50001
374,23.4696,837,0.434457,0,9e+10,0,0,1.50001,1.50001
375,24.4475,838,0.434457,0,9e+10,0,0,1.50001,1.50001
376,25.4254,839,0.434457,0,9e+10,0,0,1.50001,1.50001
377,26.4033,840,0.434457,0,9e+10,0,0,1.50001,1.50001
378,27.3812,841,0.434457,0,9e+10,0,0,1.50001,1.50001
379,28.3591,842,0.434457,0,9e+10,0,0,1.50001,1.50001
380,29.337,843,0.434457,0,9e+10,0,0,1.50001,1.50001
381,30.3149,844,0.434457,0,9e+10,0,0,1.50001,1.50001
382,31.2928,845,0.434457,0,9e+10,0,0,1.50001,1.50001
383,32.2707,846,0.434457,0,9e+10,0,0,1.50001,1.50001
384,33.2486,847,0.434457,0,9e+10,0,0,1.50001,1.50001
385,34.2265,848,0.434457,0,9e+10,0,0,1.50001,1.50001
386,35.2044,849,0.434457,0,9e+10,0,0,1.50001,1.50001
387,36.1823,850,0.434457,0,9e+10,0,0,1.50001,1.50001
388,37.1602,851,0.434457,0,9e+10,0,0,1.50001,1.50001
389,38.1381,852,0.434457,0,9e+10,0,0,1.50001,1.50001
390,39.116,853,0.434457,0,9e+10,0,0,1.50001,1.50001
391,40.0939,854,0.434457,0,9e+10,0,0,1.50001,1.50001
392,41.0718,855,0.434457,0,9e+10,0,0,1.50001,1.50001
393,42.0497,856,0.434457,0,9e+10,0,0,1.50001,1.50001
394,43.0276,857,0.434457,0,9e+10,0,0,1.50001,1.50001
395,0,891,2.48541,0,9e+10,0,0,1.49666,1.49666
396,0.986017,892,-0.656179,0,9e+10,0,0,1.49666,1.49666
397,1.97203,893,-0.656179,0,9e+10,0,0,1.49666,1.49666
398,2.95805,894,-0.656179,0,9e+10,0,0,1.49666,1.49666
399,3.94407,895,-0.656179,0,9e+10,0,0,1.49666,1.49666
400,4.93008,896,-0.656179,0,9e+10,0,0,1.49666,1.49666
401,5.9161,897,-0.656179,0,9e+10,0,0,1.49666,1.49666
402,6.90212,898,-0.656179,0,9e+10,0,0,1.49666,1.49666
403,7.88813,899,-0.656179,0,9e+10,0,0,1.49666,1.49666
404,8.87415,900,-0.656179,0,9e+10,0,0,1.49666,1.49666
405,9.86017,901,-0.656179,0,9e+10,0,0,1.49666,1.49666
406,10.8462,902,-0.656179,0,9e+10,0,0,1.49666,1.49666
407,11.8322,903,-0.656179,0,9e+10,0,0,1.49666,1.49666
408,12.8182,904,-0.656179,0,9e+10,0,0,1.49666,1.49666
409,13.8042,905,-0.656179,0,9e+10,0,0,1.49666,1.49666
410,14.7903,906,-0.656179,0,9e+10,0,0,1.49666,1.49666
411,15.7763,907,-0.656179,0,9e+10,0,0,1.49666,1.49666
412,16.7623,908,-0.656179,0,9e+10,0,0,1.49666,1.49666
413,17.7483,909,-0.656179,0,9e+10,0,0,1.49666,1.49666
414,18.7343,910,-0.656179,0,9e+10,0,0,1.49666,1.49666
415,19.7203,911,-0.656179,0,9e+10,0,0,1.49666,1.49666
416,20.7064,912,-0.656179,0,9e+10,0,0,1.49666,1.49666
417,21.6924,913,-0.656179,0,9e+10,0,0,1.49666,1.49666
418,22.6784,914,-0.656179,0,9e+10,0,0,1.49666,1.49666
419,23.6644,915,-0.656179,0,9e+10,0,0,1.49666,1.49666
420,24.6504,916,-0.656179,0,9e+10,0,0,1.49666,1.49666
421,25.6364,917,-0.656179,0,9e+10,0,0,1.49666,1.49666
422,26.6225,918,-0.656179,0,9e+10,0,0,1.49666,1.49666
423,27.6085,919,-0.656179,0,9e+10,0,0,1.49666,1.49666
424,28.5945,920,-0.656179,0,9e+10,0,0,1.49666,1.49666
425,29.5805,921,-0.656179,0,9e+10,0,0,1.49666,1.49666
426,30.5665,922,-0.656179,0,9e+10,0,0,1.49666,1.49666
427,0,967,-0.19778,0,9e+10,0,0,1.49627,1.49627
428,0.9789,968,-0.193821,0,9e+10,0,0,1.49628,1.49628
429,1.9578,969,-0.185803,0,9e+10,0,0,1.49629,1.49629
430,2.9367,970,-0.177758,0,9e+10,0,0,1.49635,1.49634
431,3.9156,971,-0.16976,0,9e+10,0,0,1.4963,1.4963
432,4.8945,972,-0.161728,0,9e+10,0,0,1.49639,1.49639
433,5.8734,973,-0.153712,0,9e+10,0,0,1.49639,1.49639
434,6.85229,974,-0.145697,0,9e+10,0,0,1.49642,1.49642
435,7.83119,975,-0.137675,0,9e+10,0,0,1.49638,1.49639
436,8.81009,976,-0.129653,0,9e+10,0,0,1.49642,1.49643
437,9.78899,977,-0.121637,0,9e+10,0,0,1.49645,1.49645
438,10.7679,978,-0.11363,0,9e+10,0,0,1.49648,1.49647
439,11.7468,979,-0.10561,0,9e+10,0,0,1.49651,1.4965
440,12.7257,980,-0.0975907,0,9e+10,0,0,1.49651,1.49651
441,13.7046,981,-0.0895653,0,9e+10,0,0,1.49654,1.49654
442,14.6835,982,-0.0815504,0,9e+10,0,0,1.49652,1.49652
443,15.6624,983,-0.0735375,0,9e+10,0,0,1.49658,1.49657
444,16.6413,984,-0.0654956,0,9e+10,0,0,1.49659,1.4966
445,17.6202,985,-0.0575022,0,9e+10,0,0,1.4966,1.4966
446,18.5991,986,-0.0495093,0,9e+10,0,0,1.49663,1.49663
447,19.578,987,-0.0414565,0,9e+10,0,0,1.49665,1.49665
448,20.5569,988,-0.0334247,0,9e+10,0,0,1.49667,1.49667
449,21.5358,989,-0.0254235,0,9e+10,0,0,1.49669,1.49669
450,22.5147,990,-0.0174048,0,9e+10,0,0,1.49671,1.49671
451,23.4936,991,-0.00935726,0,9e+10,0,0,1.49673,1.49673
452,24.4725,992,-0.00136164,0,9e+10,0,0,1.49675,1.49675
453,25.4514,993,0.00663386,0,9e+10,0,0,1.49677,1.49677
454,26.4303,994,0.0147906,0,9e+10,0,0,1.49678,1.49679
455,27.4092,995,0.0223497,0,9e+10,0,0,1.49681,1.49681
456,28.3881,996,0.0257755,0,9e+10,0,0,1.49681,1.49681
457,29.367,997,0.0257755,0,9e+10,0,0,1.49681,1.49681
458,30.3459,998,0.0257755,0,9e+10,0,0,1.49681,1.49681
459,31.3248,999,0.0257755,0,9e+10,0,0,1.49681,1.49681
460,32.3037,1000,0.0257755,0,9e+10,0,0,1.49681,1.49681
461,33.2826,1001,0.0257755,0,9e+10,0,0,1.49681,1.49681
462,34.2615,1002,0.0257755,0,9e+10,0,0,1.49681,1.49681
463,35.2404,1003,0.0257755,0,9e+10,0,0,1.49681,1.49681
464,36.2193,1004,0.0257755,0,9e+10,0,0,1.49681,1.49681
465,37.1982,1005,0.0257755,0,9e+10,0,0,1.4968,1.4968
466,38.1771,1006,0.0257755,0,9e+10,0,0,1.4968,1.4968
467,39.156,1007,0.0257755,0,9e+10,0,0,1.4968,1.4968
468,40.1349,1008,0.0257755,0,9e+10,0,0,1.4968,1.4968
469,41.1138,1009,0.0257755,0,9e+10,0,0,1.4968,1.4968
470,0,1056,0.434457,0,9e+10,0,0,1.49999,1.49999
471,0.977899,1057,0.434457,0,9e+10,0,0,1.49999,1.49999
472,1.9558,1058,0.434457,0,9e+10,0,0,1.49999,1.49999
473,2.9337,1059,0.434457,0,9e+10,0,0,1.49999,1.49999
474,3.9116,1060,0.434457,0,9e+10,0,0,1.49999,1.49999
475,4.8895,1061,0.434457,0,9e+10,0,0,1.49999,1.49999
476,5.8674,1062,0.434457,0,9e+10,0,0,1.49999,1.49999
477,6.8453,1063,0.434457,0,9e+10,0,0,1.49999,1.49999
478,7.82319,1064,0.434457,0,9e+10,0,0,1.49999,1.49999
479,8.80109,1065,0.434457,0,9e+10,0,0,1.49999,1.49999
480,9.77899,1066,0.434457,0,9e+10,0,0,1.49999,1.49999
481,10.7569,1067,0.434457,0,9e+10,0,0,1.49999,1.49999
482,11.7348,1068,0.434457,0,9e+10,0,0,1.49999,1.49999
483,12.7127,1069,0.434457,0,9e+10,0,0,1.49999,1.49999
484,13.6906,1070,0.434457,0,9e+10,0,0,1.49999,1.49999
485,14.6685,1071,0.434457,0,9e+10,0,0,1.49999,1.49999
486,15.6464,1072,0.434457,0,9e+10,0,0,1.49999,1.49999
487,16.6243,1073,0.434457,0,9e+10,0,0,1.49999,1.49999
488,17.6022,1074,0.434457,0,9e+10,0,0,1.49999,1.49999
489,18.5801,1075,0.434457,0,9e+10,0,0,1.49999,1.49999
490,19.558,1076,0.434457,0,9e+10,0,0,1.49999,1.49999
491,20.5359,1077,0.434457,0,9e+10,0,0,1.49999,1.49999
492,21.5138,1078,0.434457,0,9e+10,0,0,1.49999,1.49999
493,22.4917,1079,0.434457,0,9e+10,0,0,1.49999,1.49999
494,23.4696,1080,0.434457,0,9e+10,0,0,1.49999,1.49999
495,24.4475,1081,0.434457,0,9e+10,0,0,1.49999,1.49999
496,25.4254,1082,0.434457,0,9e+10,0,0,1.49999,1.49999
497,26.4033,1083,0.434457,0,9e+10,0,0,1.49999,1.49999
498,27.3812,1084,0.434457,0,9e+10,0,0,1.49999,1.49999
499,28.3591,1085,0.434457,0,9e+10,0,0,1.49999,1.49999
500,29.337,1086,0.434457,0,9e+10,0,0,1.49999,1.49999
501,30.3149,1087,0.434457,0,9e+10,0,0,1.49999,1.49999
502,31.2928,1088,0.434457,0,9e+10,0,0,1.49999,1.49999
503,32.2707,1089,0.434457,0,9e+10,0,0,1.49999,1.49999
504,33.2486,1090,0.434457,0,9e+10,0,0,1.49999,1.49999
505,34.2265,1091,0.434457,0,9e+10,0,0,1.49999,1.49999
506,35.2044,1092,0.434457,0,9e+10,0,0,1.49999,1.49999
507,36.1823,1093,0.434457,0,9e+10,0,0,1.49999,1.49999
508,37.1602,1094,0.434457,0,9e+10,0,0,1.49999,1.49999
509,38.1381,1095,0.434457,0,9e+10,0,0,1.49999,1.49999
510,39.116,1096,0.434457,0,9e+10,0,0,1.49999,1.49999
511,40.0939,1097,0.434457,0,9e+10,0,0,1.49999,1.49999
512,41.0718,1098,0.434457,0,9e+10,0,0,1.49999,1.49999
513,42.0497,1099,0.434457,0,9e+10,0,0,1.49999,1.49999
514,43.0276,1100,0.434457,0,9e+10,0,0,1.49999,1.49999
515,0,1150,-1.0295,0,9e+10,0,0,1.5,1.5
516,0.980977,1151,-1.0295,0,9e+10,0,0,1.5,1.5
517,1.96195,1152,-1.0295,0,9e+10,0,0,1.5,1.5
518,2.94293,1153,-1.0295,0,9e+10,0,0,1.5,1.5
519,3.92391,1154,-1.0295,0,9e+10,0,0,1.5,1.5
520,4.90488,1155,-1.0295,0,9e+10,0,0,1.5,1.5
521,5.88586,1156,-1.0295,0,9e+10,0,0,1.5,1.5
522,6.86684,1157,-1.0295,0,9e+10,0,0,1.5,1.5
523,7.84782,1158,-1.0295,0,9e+10,0,0,1.5,1.5
524,8.82879,1159,-1.0295,0,9e+10,0,0,1.5,1.5
525,9.80977,1160,-1.0295,0,9e+10,0,0,1.5,1.5
526,10.7907,1161,-1.0295,0,9e+10,0,0,1.5,1.5
527,11.7717,1162,-1.0295,0,9e+10,0,0,1.5,1.5
528,12.7527,1163,-1.0295,0,9e+10,0,0,1.5,1.5
529,13.7337,1164,-1.0295,0,9e+10,0,0,1.5,1.5
530,14.7147,1165,-1.0295,0,9e+10,0,0,1.5,1.5
531,15.6956,1166,-1.0295,0,9e+10,0,0,1.5,1.5
532,16.6766,1167,-1.0295,0,9e+10,0,0,1.5,1.5
533,17.6576,1168,-1.0295,0,9e+10,0,0,1.5,1.5
534,18.6386,1169,-1.0295,0,9e+10,0,0,1.5,1.5
535,19.6195,1170,-1.0295,0,9e+10,0,0,1.5,1.5
536,20.6005,1171,-1.0295,0,9e+10,0,0,1.5,1.5
537,21.5815,1172,-1.0295,0,9e+10,0,0,1.5,1.5
538,22.5625,1173,-1.0295,0,9e+10,0,0,1.5,1.5
539,23.5434,1174,-1.0295,0,9e+10,0,0,1.5,1.5
540,24.5244,1175,-1.0295,0,9e+10,0,0,1.5,1.5
541,25.5054,1176,-1.0295,0,9e+10,0,0,1.5,1.5
542,26.4864,1177,-1.0295,0,9e+10,0,0,1.5,1.5
543,27.4674,1178,-1.0295,0,9e+10,0,0,1.5,1.5
544,28.4483,1179,-1.0295,0,9e+10,0,0,1.5,1.5
545,29.4293,1180,-1.0295,0,9e+10,0,0,1.5,1.5
546,30.4103,1181,-1.0295,0,9e+10,0,0,1.5,1.5
547,31.3913,1182,-1.0295,0,9e+10,0,0,1.5,1.5
548,32.3722,1183,-1.0295,0,9e+10,0,0,1.5,1.5
549,33.3532,1184,-1.0295,0,9e+10,0,0,1.5,1.5
550,34.3342,1185,-1.0295,0,9e+10,0,0,1.5,1.5
551,35.3152,1186,-1.0295,0,9e+10,0,0,1.5,1.5
552,36.2961,1187,-1.0295,0,9e+10,0,0,1.5,1.5
553,37.2771,1188,-1.0295,0,9e+10,0,0,1.5,1.5
554,38.2581,1189,-1.0295,0,9e+10,0,0,1.5,1.5
555,39.2391,1190,-1.0295,0,9e+10,0,0,1.5,1.5
556,40.2201,1191,-1.0295,0,9e+10,0,0,1.5,1.5
557,41.201,1192,-1.0295,0,9e+10,0,0,1.5,1.5
558,42.182,1193,-1.0295,0,9e+10,0,0,1.5,1.5
559,43.163,1194,-1.0295,0,9e+10,0,0,1.5,1.5
560,44.144,1195,-1.0295,0,9e+10,0,0,1.5,1.5
561,45.1249,1196,-1.0295,0,9e+10,0,0,1.5,1.5
562,46.1059,1197,-1.0295,0,9e+10,0,0,1.5,1.5
563,0,1222,-1.48188,0,9e+10,0,0,1.49692,1.49692
564,0.976641,1223,-1.48188,0,9e+10,0,0,1.49692,1.49692
565,1.95328,1224,-1.48188,0,9e+10,0,0,1.49692,1.49692
566,2.92992,1225,-1.48188,0,9e+10,0,0,1.49692,1.49692
567,3.90656,1226,-1.48188,0,9e+10,0,0,1.49692,1.49692
568,4.8832,1227,-1.48188,0,9e+10,0,0,1.49692,1.49692
569,5.85985,1228,-1.48188,0,9e+10,0,0,1.49692,1.49692
570,6.83649,1229,-1.48188,0,9e+10,0,0,1.49692,1.49692
571,7.81313,1230,-1.48188,0,9e+10,0,0,1.49692,1.49692
572,8.78977,1231,-1.48188,0,9e+10,0,0,1.49692,1.49692
573,9.76641,1232,-1.48188,0,9e+10,0,0,1.49692,1.49692
574,10.743,1233,-1.48188,0,9e+10,0,0,1.49692,1.49692
575,11.7197,1234,-1.48188,0,9e+10,0,0,1.49692,1.49692
576,12.6963,1235,-1.48188,0,9e+10,0,0,1.49692,1.49692
577,13.673,1236,-1.48188,0,9e+10,0,0,1.49692,1.49692
578,14.6496,1237,-1.48188,0,9e+10,0,0,1.49692,1.49692
579,15.6263,1238,-1.48188,0,9e+10,0,0,1.49692,1.49692
580,16.6029,1239,-1.48188,0,9e+10,0,0,1.49692,1.49692
581,17.5795,1240,-1.48188,0,9e+10,0,0,1.49692,1.49692
582,18.5562,1241,-1.48188,0,9e+10,0,0,1.49692,1.49692
583,19.5328,1242,-1.48188,0,9e+10,0,0,1.49692,1.49692
584,20.5095,1243,-1.48188,0,9e+10,0,0,1.49692,1.49692
585,21.4861,1244,-1.48188,0,9e+10,0,0,1.49692,1.49692
586,0,1277,0.434573,0,9e+10,0,0,1.49999,1.49999
587,0.970656,1278,0.434573,0,9e+10,0,0,1.49998,1.49998
588,1.94131,1279,0.434573,0,9e+10,0,0,1.49998,1.49998
589,2.91197,1280,0.434573,0,9e+10,0,0,1.49997,1.49997
590,3.88262,1281,0.434573,0,9e+10,0,0,1.49997,1.49997
591,4.85328,1282,0.434573,0,9e+10,0,0,1.49996,1.49996
592,5.82393,1283,0.434573,0,9e+10,0,0,1.49996,1.49996
593,6.79459,1284,0.434573,0,9e+10,0,0,1.49995,1.49995
594,7.76525,1285,0.434573,0,9e+10,0,0,1.49994,1.49994
595,8.7359,1286,0.434573,0,9e+10,0,0,1.49994,1.49994
596,9.70656,1287,0.434573,0,9e+10,0,0,1.49993,1.49993
597,10.6772,1288,0.434573,0,9e+10,0,0,1.49993,1.49993
598,11.6479,1289,0.434573,0,9e+10,0,0,1.49992,1.49992
599,12.6185,1290,0.434573,0,9e+10,0,0,1.49992,1.49991
600,13.5892,1291,0.434573,0,9e+10,0,0,1.49991,1.49991
601,14.5598,1292,0.434573,0,9e+10,0,0,1.4999,1.4999
602,15.5305,1293,0.434573,0,9e+10,0,0,1.4999,1.4999
603,16.5011,1294,0.434573,0,9e+10,0,0,1.49989,1.49989
604,17.4718,1295,0.435794,0,9e+10,0,0,1.49989,1.49989
605,18.4424,1296,0.445774,0,9e+10,0,0,1.5,1.50001
606,19.4131,1297,0.462915,0,9e+10,0,0,1.49997,1.49996
607,20.3837,1298,0.479619,0,9e+10,0,0,1.49996,1.49993
608,21.3544,1299,0.496331,0,9e+10,0,0,1.49996,1.49995
609,22.325,1300,0.513056,0,9e+10,0,0,1.49998,1.49998
610,23.2956,1301,0.529755,0,9e+10,0,0,1.49993,1.49993
611,24.2663,1302,0.546466,0,9e+10,0,0,1.49995,1.49994
612,25.2369,1303,0.563184,0,9e+10,0,0,1.49988,1.49989
613,26.2076,1304,0.579898,0,9e+10,0,0,1.49993,1.49994
614,27.1782,1305,0.596588,0,9e+10,0,0,1.49993,1.49992
615,28.1489,1306,0.613337,0,9e+10,0,0,1.4999,1.4999
616,29.1195,1307,0.630046,0,9e+10,0,0,1.49988,1.49988
617,0,1341,2.48541,0,9e+10,0,0,1.49666,1.49666
618,0.986017,1342,-0.656179,0,9e+10,0,0,1.49666,1.49666
619,1.97203,1343,-0.656179,0,9e+10,0,0,1.49666,1.49666
620,2.95805,1344,-0.656179,0,9e+10,0,0,1.49666,1.49666
621,3.94407,1345,-0.656179,0,9e+10,0,0,1.49666,1.49666
622,4.93008,1346,-0.656179,0,9e+10,0,0,1.49666,1.49666
623,5.9161,1347,-0.656179,0,9e+10,0,0,1.49666,1.49666
624,6.90212,1348,-0.656179,0,9e+10,0,0,1.49666,1.49666
625,7.88813,1349,-0.656179,0,9e+10,0,0,1.49666,1.49666
626,8.87415,1350,-0.656179,0,9e+10,0,0,1.49666,1.49666
627,9.86017,1351,-0.656179,0,9e+10,0,0,1.49666,1.49666
628,10.8462,1352,-0.656179,0,9e+10,0,0,1.49666,1.49666
629,11.8322,1353,-0.656179,0,9e+10,0,0,1.49666,1.49666
630,12.8182,1354,-0.656179,0,9e+10,0,0,1.49666,1.49666
631,13.8042,1355,-0.656179,0,9e+10,0,0,1.49666,1.49666
632,14.7903,1356,-0.656179,0,9e+10,0,0,1.49666,1.49666
633,15.7763,1357,-0.656179,0,9e+10,0,0,1.49666,1.49666
634,16.7623,1358,-0.656179,0,9e+10,0,0,1.49666,1.49666
635,17.7483,1359,-0.656179,0,9e+10,0,0,1.49666,1.49666
636,18.7343,1360,-0.656179,0,9e+10,0,0,1.49666,1.49666
637,19.7203,1361,-0.656179,0,9e+10,0,0,1.49666,1.49666
638,20.7064,1362,-0.656179,0,9e+10,0,0,1.49666,1.49666
639,21.6924,1363,-0.656179,0,9e+10,0,0,1.49666,1.49666
640,22.6784,1364,-0.656179,0,9e+10,0,0,1.49666,1.49666
641,23.6644,1365,-0.656179,0,9e+10,0,0,1.49666,1.49666
642,24.6504,1366,-0.656179,0,9e+10,0,0,1.49666,1.49666
643,25.6364,1367,-0.656179,0,9e+10,0,0,1.49666,1.49666
644,26.6225,1368,-0.656179,0,9e+10,0,0,1.49666,1.49666
645,27.6085,1369,-0.656179,0,9e+10,0,0,1.49666,1.49666
646,28.5945,1370,-0.656179,0,9e+10,0,0,1.49666,1.49666
647,29.5805,1371,-0.656179,0,9e+10,0,0,1.49666,1.49666
648,30.5665,1372,-0.656179,0,9e+10,0,0,1.49666,1.49666
649,0,1397,2.1578,0,9e+10,0,0,1.49628,1.49628
650,0.994701,1398,-0.983791,0,9e+10,0,0,1.49628,1.49628
651,1.9894,1399,-0.983791,0,9e+10,0,0,1.49628,1.49628
652,2.9841,1400,-0.983791,0,9e+10,0,0,1.49628,1.49628
653,3.9788,1401,-0.983791,0,9e+10,0,0,1.49628,1.49628
654,4.9735,1402,-0.983791,0,9e+10,0,0,1.49628,1.49628
655,5.96821,1403,-0.983791,0,9e+10,0,0,1.49628,1.49628
656,6.96291,1404,-0.983791,0,9e+10,0,0,1.49628,1.49628
657,7.95761,1405,-0.983791,0,9e+10,0,0,1.49628,1.49628
658,8.95231,1406,-0.983791,0,9e+10,0,0,1.49628,1.49628
659,9.94701,1407,-0.983791,0,9e+10,0,0,1.49628,1.49628
660,10.9417,1408,-0.983791,0,9e+10,0,0,1.49628,1.49628
661,11.9364,1409,-0.983791,0,9e+10,0,0,1.49628,1.49628
662,12.9311,1410,-0.983791,0,9e+10,0,0,1.49628,1.49628
663,13.9258,1411,-0.983791,0,9e+10,0,0,1.49628,1.49628
664,14.9205,1412,-0.983791,0,9e+10,0,0,1.49628,1.49628
665,15.9152,1413,-0.983791,0,9e+10,0,0,1.49628,1.49628
666,16.9099,1414,-0.983791,0,9e+10,0,0,1.49628,1.49628
667,17.9046,1415,-0.983791,0,9e+10,0,0,1.49628,1.49628
668,18.8993,1416,-0.983791,0,9e+10,0,0,1.49628,1.49628
669,19.894,1417,-0.983791,0,9e+10,0,0,1.49628,1.49628
670,20.8887,1418,-0.983791,0,9e+10,0,0,1.49628,1.49628
671,21.8834,1419,-0.983791,0,9e+10,0,0,1.49628,1.49628
672,0,1456,-2.49478,0,9e+10,0,0,1.49991,1.49991
673,0.974585,1457,0.646811,0,9e+10,0,0,1.49991,1.49991
674,1.94917,1458,0.646811,0,9e+10,0,0,1.49991,1.49991
675,2.92376,1459,0.646811,0,9e+10,0,0,1.49991,1.49991
676,3.89834,1460,0.646811,0,9e+10,0,0,1.49991,1.49991
677,4.87293,1461,0.646811,0,9e+10,0,0,1.49991,1.49991
678,5.84751,1462,0.646811,0,9e+10,0,0,1.49991,1.49991
679,6.8221,1463,0.646811,0,9e+10,0,0,1.49991,1.49991
680,7.79668,1464,0.646811,0,9e+10,0,0,1.49991,1.49991
681,8.77127,1465,0.646811,0,9e+10,0,0,1.49991,1.49991
682,9.74585,1466,0.646811,0,9e+10,0,0,1.49991,1.49991
683,10.7204,1467,0.646811,0,9e+10,0,0,1.49991,1.49991
684,11.695,1468,0.646811,0,9e+10,0,0,1.49991,1.49991
685,12.6696,1469,0.646811,0,9e+10,0,0,1.49991,1.49991
686,13.6442,1470,0.646811,0,9e+10,0,0,1.49991,1.49991
687,14.6188,1471,0.646811,0,9e+10,0,0,1.49991,1.49991
688,15.5934,1472,0.646811,0,9e+10,0,0,1.49991,1.49991
689,16.568,1473,0.646811,0,9e+10,0,0,1.49991,1.49991
690,17.5425,1474,0.646811,0,9e+10,0,0,1.49991,1.49991
691,18.5171,1475,0.646811,0,9e+10,0,0,1.49991,1.49991
692,19.4917,1476,0.646811,0,9e+10,0,0,1.49991,1.49991
693,20.4663,1477,0.646811,0,9e+10,0,0,1.49991,1.49991
694,21.4409,1478,0.646811,0,9e+10,0,0,1.49991,1.49991
695,22.4155,1479,0.646811,0,9e+10,0,0,1.49991,1.49991
696,23.39,1480,0.646811,0,9e+10,0,0,1.49991,1.49991
697,24.3646,1481,0.646811,0,9e+10,0,0,1.49991,1.49991
698,25.3392,1482,0.646811,0,9e+10,0,0,1.49991,1.49991
699,26.3138,1483,0.646811,0,9e+10,0,0,1.49991,1.49991
700,27.2884,1484,0.646811,0,9e+10,0,0,1.49991,1.49991
701,28.263,1485,0.646811,0,9e+10,0,0,1.49991,1.49991
702,29.2376,1486,0.646811,0,9e+10,0,0,1.49991,1.49991
703,30.2121,1487,0.646811,0,9e+10,0,0,1.49991,1.49991
704,31.1867,1488,0.646811,0,9e+10,0,0,1.49991,1.49991
705,32.1613,1489,0.646811,0,9e+10,0,0,1.49991,1.49991
706,33.1359,1490,0.646811,0,9e+10,0,0,1.49991,1.49991
707,0,1521,2.93974,0,9e+10,0,0,1.49628,1.49628
708,0.975077,1522,-0.201854,0,9e+10,0,0,1.49628,1.49628
709,1.95015,1523,-0.201854,0,9e+10,0,0,1.49628,1.49628
710,2.92523,1524,-0.201854,0,9e+10,0,0,1.49628,1.49628
711,3.90031,1525,-0.201854,0,9e+10,0,0,1.49628,1.49628
712,4.87538,1526,-0.201854,0,9e+10,0,0,1.49628,1.49628
713,5.85046,1527,-0.201854,0,9e+10,0,0,1.49628,1.49628
714,6.82554,1528,-0.201854,0,9e+10,0,0,1.49628,1.49628
715,7.80061,1529,-0.201854,0,9e+10,0,0,1.49628,1.49628
716,8.77569,1530,-0.201854,0,9e+10,0,0,1.49628,1.49628
717,9.75077,1531,-0.201854,0,9e+10,0,0,1.49628,1.49628
718,10.7258,1532,-0.201854,0,9e+10,0,0,1.49628,1.49628
719,11.7009,1533,-0.201854,0,9e+10,0,0,1.49628,1.49628
720,12.676,1534,-0.201854,0,9e+10,0,0,1.49628,1.49628
721,13.6511,1535,-0.201854,0,9e+10,0,0,1.49628,1.49628
722,14.6262,1536,-0.201854,0,9e+10,0,0,1.49628,1.49628
723,15.6012,1537,-0.201854,0,9e+10,0,0,1.49628,1.49628
724,16.5763,1538,-0.201854,0,9e+10,0,0,1.49628,1.49628
725,17.5514,1539,-0.201854,0,9e+10,0,0,1.49628,1.49628
726,18.5265,1540,-0.201854,0,9e+10,0,0,1.49628,1.49628
727,19.5015,1541,-0.201854,0,9e+10,0,0,1.49628,1.49628
728,20.4766,1542,-0.201854,0,9e+10,0,0,1.49628,1.49628
729,21.4517,1543,-0.201854,0,9e+10,0,0,1.49628,1.49628
730,22.4268,1544,-0.201854,0,9e+10,0,0,1.49628,1.49628
731,23.4018,1545,-0.201854,0,9e+10,0,0,1.49628,1.49628
732,24.3769,1546,-0.201854,0,9e+10,0,0,1.49628,1.49628
733,25.352,1547,-0.201854,0,9e+10,0,0,1.49628,1.49628
734,26.3271,1548,-0.201854,0,9e+10,0,0,1.49628,1.49628
735,27.3022,1549,-0.201854,0,9e+10,0,0,1.49628,1.49628
736,0,1578,2.48364,0,9e+10,0,0,1.49666,1.49666
737,0.954638,1579,-0.659697,0,9e+10,0,0,1.49654,1.49655
738,1.90925,1580,-0.673582,0,9e+10,0,0,1.49669,1.49669
739,2.86386,1581,-0.697798,0,9e+10,0,0,1.49678,1.49677
740,3.81846,1582,-0.721994,0,9e+10,0,0,1.49695,1.49693
741,4.77307,1583,-0.746188,0,9e+10,0,0,1.49708,1.49708
742,5.72768,1584,-0.770356,0,9e+10,0,0,1.49724,1.49724
743,6.68229,1585,-0.794572,0,9e+10,0,0,1.49737,1.49736
744,7.63691,1586,-0.818857,0,9e+10,0,0,1.49744,1.49745
745,8.59152,1587,-0.843131,0,9e+10,0,0,1.49748,1.4978
746,9.54614,1588,-0.867394,0,9e+10,0,0,1.49774,1.49779
747,10.5008,1589,-0.89169,0,9e+10,0,0,1.49792,1.4979
748,11.4554,1590,-0.915888,0,9e+10,0,0,1.498,1.49799
749,12.41,1591,-0.940074,0,9e+10,0,0,1.49817,1.49816
750,13.3646,1592,-0.964287,0,9e+10,0,0,1.49829,1.49828
751,14.3192,1593,-0.988466,0,9e+10,0,0,1.49844,1.49844
752,15.2738,1594,-1.01267,0,9e+10,0,0,1.49856,1.49855
753,16.2284,1595,-1.03689,0,9e+10,0,0,1.49872,1.49872
754,17.183,1596,-1.06107,0,9e+10,0,0,1.49881,1.49881
755,18.1376,1597,-1.08524,0,9e+10,0,0,1.49899,1.49899
756,19.0922,1598,-1.10944,0,9e+10,0,0,1.49913,1.49913
757,20.0468,1599,-1.13363,0,9e+10,0,0,1.49922,1.49922
758,21.0014,1600,-1.15783,0,9e+10,0,0,1.4994,1.4994
759,21.956,1601,-1.18205,0,9e+10,0,0,1.49952,1.49952
760,22.9106,1602,-1.20622,0,9e+10,0,0,1.49966,1.49966
761,23.8652,1603,-1.23039,0,9e+10,0,0,1.49981,1.49981
762,24.8199,1604,-1.25461,0,9e+10,0,0,1.49994,1.49994
763,0,1635,-0.201854,0,9e+10,0,0,1.49627,1.49627
764,0.975077,1636,-0.201854,0,9e+10,0,0,1.49627,1.49627
765,1.95015,1637,-0.201854,0,9e+10,0,0,1.49627,1.49627
766,2.92523,1638,-0.201854,0,9e+10,0,0,1.49627,1.49627
767,3.90031,1639,-0.201854,0,9e+10,0,0,1.49627,1.49627
768,4.87538,1640,-0.201854,0,9e+10,0,0,1.49627,1.49627
769,5.85046,1641,-0.201854,0,9e+10,0,0,1.49627,1.49627
770,6.82554,1642,-0.201854,0,9e+10,0,0,1.49627,1.49627
771,7.80061,1643,-0.201854,0,9e+10,0,0,1.49627,1.49627
772,8.77569,1644,-0.201854,0,9e+10,0,0,1.49627,1.49627
773,9.75077,1645,-0.201854,0,9e+10,0,0,1.49627,1.49627
774,10.7258,1646,-0.201854,0,9e+10,0,0,1.49627,1.49627
775,11.7009,1647,-0.201854,0,9e+10,0,0,1.49627,1.49627
776,12.676,1648,-0.201854,0,9e+10,0,0,1.49627,1.49627
777,13.6511,1649,-0.201854,0,9e+10,0,0,1.49627,1.49627
778,14.6262,1650,-0.201854,0,9e+10,0,0,1.49627,1.49627
779,15.6012,1651,-0.201854,0,9e+10,0,0,1.49627,1.49627
780,16.5763,1652,-0.201854,0,9e+10,0,0,1.49627,1.49627
781,17.5514,1653,-0.201854,0,9e+10,0,0,1.49627,1.49627
782,18.5265,1654,-0.201854,0,9e+10,0,0,1.49627,1.49627
783,19.5015,1655,-0.201854,0,9e+10,0,0,1.49627,1.49627
784,20.4766,1656,-0.201854,0,9e+10,0,0,1.49627,1.49627
785,21.4517,1657,-0.201854,0,9e+10,0,0,1.49627,1.49627
786,22.4268,1658,-0.201854,0,9e+10,0,0,1.49627,1.49627
787,23.4018,1659,-0.201854,0,9e+10,0,0,1.49627,1.49627
788,24.3769,1660,-0.201854,0,9e+10,0,0,1.49627,1.49627
789,25.352,1661,-0.201854,0,9e+10,0,0,1.49627,1.49627
790,26.3271,1662,-0.201854,0,9e+10,0,0,1.49627,1.49627
791,27.3022,1663,-0.201854,0,9e+10,0,0,1.49627,1.49627
792,0,1678,-2.46145,0,9e+10,0,0,1.49963,1.49991
793,0.866263,1679,0.710928,0,9e+10,0,0,1.49971,1.49973
794,1.73244,1680,0.772512,0,9e+10,0,0,1.49967,1.49967
795,2.59861,1681,0.835203,0,9e+10,0,0,1.49969,1.49969
796,3.46481,1682,0.898448,0,9e+10,0,0,1.50165,1.49794
797,4.33098,1683,0.961132,0,9e+10,0,0,1.50032,1.49912
798,5.19714,1684,1.0241,0,9e+10,0,0,1.49973,1.49973
799,6.06329,1685,1.08772,0,9e+10,0,0,1.50073,1.49878
800,6.92939,1686,1.15235,0,9e+10,0,0,1.50371,1.49588
801,7.79535,1687,1.20176,0,9e+10,0,0,1.49835,1.49808
802,8.66175,1688,1.21852,0,9e+10,0,0,1.49876,1.49856
803,9.52815,1689,1.21852,0,9e+10,0,0,1.49917,1.49904
804,10.3946,1690,1.21852,0,9e+10,0,0,1.49959,1.49952
805,0,1708,-1.92073,0,9e+10,0,0,1.50001,1.50001
806,0.958689,1709,1.22086,0,9e+10,0,0,1.50001,1.50001
807,1.91738,1710,1.22086,0,9e+10,0,0,1.50001,1.50001
808,2.87607,1711,1.22086,0,9e+10,0,0,1.50001,1.50001
809,3.83476,1712,1.22086,0,9e+10,0,0,1.50001,1.50001
810,4.79345,1713,1.22086,0,9e+10,0,0,1.50001,1.50001
811,5.75214,1714,1.22086,0,9e+10,0,0,1.50001,1.50001
812,6.71082,1715,1.22086,0,9e+10,0,0,1.50001,1.50001
813,7.66951,1716,1.22086,0,9e+10,0,0,1.50001,1.50001
814,8.6282,1717,1.22086,0,9e+10,0,0,1.50001,1.50001
815,9.58689,1718,1.22086,0,9e+10,0,0,1.50001,1.50001
816,10.5456,1719,1.22086,0,9e+10,0,0,1.50001,1.50001
817,11.5043,1720,1.22086,0,9e+10,0,0,1.50001,1.50001
818,12.463,1721,1.22086,0,9e+10,0,0,1.50001,1.50001
819,13.4216,1722,1.22086,0,9e+10,0,0,1.50001,1.50001
820,14.3803,1723,1.22086,0,9e+10,0,0,1.50001,1.50001
821,0,1747,-1.02702,0,9e+10,0,0,1.49999,1.5
822,0.846416,1748,-1.02702,0,9e+10,0,0,1.4989,1.49857
823,1.69283,1749,-1.02702,0,9e+10,0,0,1.49781,1.49714
824,2.53925,1750,-1.02702,0,9e+10,0,0,1.49672,1.49571
825,3.38566,1751,-1.02702,0,9e+10,0,0,1.49563,1.49428
826,4.23208,1752,-1.02702,0,9e+10,0,0,1.49454,1.49285
827,5.0785,1753,-1.02702,0,9e+10,0,0,1.49345,1.49142
828,5.92491,1754,-1.02702,0,9e+10,0,0,1.49236,1.48999
829,6.77133,1755,-1.02702,0,9e+10,0,0,1.49127,1.48856
830,7.61774,1756,-1.02702,0,9e+10,0,0,1.49018,1.48713
831,8.46416,1757,-1.02702,0,9e+10,0,0,1.48909,1.4857
832,9.31058,1758,-0.996054,0,9e+10,0,0,1.488,1.48427
833,10.1542,1759,-0.915514,0,9e+10,0,0,1.53913,1.43064
834,10.9915,1760,-0.826712,0,9e+10,0,0,1.63741,1.35995
835,11.8186,1761,-0.715547,0,9e+10,0,0,1.62624,1.37006
836,12.642,1762,-0.559761,0,9e+10,0,0,1.60057,1.39578
837,13.4719,1763,-0.386639,0,9e+10,0,0,1.57064,1.42567
838,14.3054,1764,-0.214824,0,9e+10,0,0,1.54876,1.44753
839,15.1432,1765,-0.0425563,0,9e+10,0,0,1.52931,1.46687
840,15.9834,1766,0.129284,0,9e+10,0,0,1.5199,1.47656
841,16.8264,1767,0.301349,0,9e+10,0,0,1.50205,1.49421
842,17.6706,1768,0.473526,0,9e+10,0,0,1.49979,1.49737
843,0,1812,2.18299,0,9e+10,0,0,1.49614,1.49628
844,0.960593,1813,-0.934049,0,9e+10,0,0,1.49648,1.49592
845,1.92115,1814,-0.884936,0,9e+10,0,0,1.49671,1.49558
846,2.88169,1815,-0.835827,0,9e+10,0,0,1.49699,1.4953
847,3.8422,1816,-0.786728,0,9e+10,0,0,1.49724,1.49504
848,4.80268,1817,-0.737595,0,9e+10,0,0,1.49753,1.49475
849,5.76315,1818,-0.688465,0,9e+10,0,0,1.49787,1.49449
850,6.72359,1819,-0.639039,0,9e+10,0,0,1.49813,1.49421
851,7.684,1820,-0.589436,0,9e+10,0,0,1.49906,1.49326
852,8.64436,1821,-0.540148,0,9e+10,0,0,1.50025,1.49202
853,9.60466,1822,-0.491053,0,9e+10,0,0,1.50146,1.49083
854,10.5649,1823,-0.441955,0,9e+10,0,0,1.50268,1.48963
855,11.5251,1824,-0.392852,0,9e+10,0,0,1.50394,1.48843
856,12.4852,1825,-0.343708,0,9e+10,0,0,1.50503,1.48724
857,13.4453,1826,-0.293452,0,9e+10,0,0,1.50628,1.486
858,14.4052,1827,-0.248563,0,9e+10,0,0,1.50974,1.4827
859,15.3654,1828,-0.216572,0,9e+10,0,0,1.49692,1.49355
860,16.3261,1829,-0.20296,0,9e+10,0,0,1.49531,1.49525
861,17.2868,1830,-0.202099,0,9e+10,0,0,1.49535,1.49529
862,18.2474,1831,-0.202099,0,9e+10,0,0,1.49539,1.49533
863,19.2081,1832,-0.202099,0,9e+10,0,0,1.49543,1.49537
864,20.1688,1833,-0.202099,0,9e+10,0,0,1.49546,1.49542
865,21.1295,1834,-0.202099,0,9e+10,0,0,1.4955,1.49546
866,22.0901,1835,-0.202099,0,9e+10,0,0,1.49554,1.4955
867,23.0508,1836,-0.202099,0,9e+10,0,0,1.49558,1.49554
868,24.0115,1837,-0.202099,0,9e+10,0,0,1.49562,1.49558
869,24.9722,1838,-0.202099,0,9e+10,0,0,1.49566,1.49562
870,25.9328,1839,-0.202099,0,9e+10,0,0,1.4957,1.49566
871,26.8935,1840,-0.202099,0,9e+10,0,0,1.49574,1.4957
872,27.8542,1841,-0.202099,0,9e+10,0,0,1.49578,1.49575
873,28.8149,1842,-0.202099,0,9e+10,0,0,1.49582,1.49579
874,29.7755,1843,-0.202099,0,9e+10,0,0,1.49585,1.49583
875,30.7362,1844,-0.202099,0,9e+10,0,0,1.49589,1.49587
876,31.6969,1845,-0.202099,0,9e+10,0,0,1.49593,1.49591
877,32.6576,1846,-0.202099,0,9e+10,0,0,1.49597,1.49595
878,33.6182,1847,-0.202099,0,9e+10,0,0,1.49601,1.49599
879,34.5789,1848,-0.202099,0,9e+10,0,0,1.49605,1.49604
880,35.5396,1849,-0.202099,0,9e+10,0,0,1.49609,1.49608
881,36.5003,1850,-0.202099,0,9e+10,0,0,1.49613,1.49612
882,37.4609,1851,-0.202099,0,9e+10,0,0,1.49617,1.49616
883,38.4216,1852,-0.202099,0,9e+10,0,0,1.49621,1.4962
884,39.3823,1853,-0.202099,0,9e+10,0,0,1.49624,1.49624
885,0,1893,0.371456,0,9e+10,0,0,1.49999,1.49904
886,0.914391,1894,0.312214,0,9e+10,0,0,1.4978,1.50069
887,1.82837,1895,0.193896,0,9e+10,0,0,1.49591,1.50194
888,2.74201,1896,0.0731212,0,9e+10,0,0,1.49424,1.50324
889,3.65525,1897,-0.0483118,0,9e+10,0,0,1.48772,1.50932
890,4.56764,1898,-0.167154,0,9e+10,0,0,1.48019,1.51643
891,5.47913,1899,-0.287374,0,9e+10,0,0,1.47261,1.52361
892,6.38985,1900,-0.408814,0,9e+10,0,0,1.46171,1.53444
893,7.29937,1901,-0.528858,0,9e+10,0,0,1.45139,1.54401
894,8.20722,1902,-0.649283,0,9e+10,0,0,1.44118,1.55379
895,9.11362,1903,-0.770929,0,9e+10,0,0,1.42811,1.56651
896,10.0184,1904,-0.890974,0,9e+10,0,0,1.41172,1.5825
897,10.9209,1905,-1.00993,0,9e+10,0,0,1.39526,1.59847
898,11.8214,1906,-1.13261,0,9e+10,0,0,1.37744,1.61591
899,12.7194,1907,-1.24258,0,9e+10,0,0,1.35305,1.64002
900,13.6198,1908,-1.31803,0,9e+10,0,0,1.35265,1.63987
901,14.5274,1909,-1.37747,0,9e+10,0,0,1.41667,1.56381
902,15.4401,1910,-1.44106,0,9e+10,0,0,1.48311,1.49798
903,16.3547,1911,-1.47731,0,9e+10,0,0,1.49034,1.49135
904,17.2697,1912,-1.48109,0,9e+10,0,0,1.49067,1.49162
905,18.1846,1913,-1.48109,0,9e+10,0,0,1.491,1.4919
906,19.0996,1914,-1.48109,0,9e+10,0,0,1.49133,1.49218
907,20.0146,1915,-1.48109,0,9e+10,0,0,1.49166,1.49246
908,20.9295,1916,-1.48109,0,9e+10,0,0,1.49199,1.49274
909,21.8445,1917,-1.48109,0,9e+10,0,0,1.49231,1.49302
910,22.7594,1918,-1.48109,0,9e+10,0,0,1.49264,1.49329
911,23.6744,1919,-1.48109,0,9e+10,0,0,1.49297,1.49357
912,24.5893,1920,-1.48109,0,9e+10,0,0,1.4933,1.49385
913,25.5043,1921,-1.48109,0,9e+10,0,0,1.49363,1.49413
914,26.4193,1922,-1.48109,0,9e+10,0,0,1.49396,1.49441
915,27.3342,1923,-1.48109,0,9e+10,0,0,1.49428,1.49468
916,28.2492,1924,-1.48109,0,9e+10,0,0,1.49461,1.49496
917,29.1641,1925,-1.48109,0,9e+10,0,0,1.49494,1.49524
918,30.0791,1926,-1.48109,0,9e+10,0,0,1.49527,1.49552
919,30.994,1927,-1.48109,0,9e+10,0,0,1.4956,1.4958
920,31.909,1928,-1.48109,0,9e+10,0,0,1.49593,1.49608
921,32.8239,1929,-1.48109,0,9e+10,0,0,1.49625,1.49635
922,33.7389,1930,-1.48109,0,9e+10,0,0,1.49658,1.49663
923,0,1964,-2.50278,0,9e+10,0,0,1.49991,1.4999
924,0.960221,1965,0.630947,0,9e+10,0,0,1.49988,1.49988
925,1.92044,1966,0.61526,0,9e+10,0,0,1.4999,1.4999
926,2.88066,1967,0.599574,0,9e+10,0,0,1.49991,1.49991
927,3.84087,1968,0.583848,0,9e+10,0,0,1.49993,1.49994
928,4.80109,1969,0.568147,0,9e+10,0,0,1.49994,1.49996
929,5.7613,1970,0.552453,0,9e+10,0,0,1.49994,1.49994
930,6.72152,1971,0.536758,0,9e+10,0,0,1.49996,1.49996
931,7.68173,1972,0.521072,0,9e+10,0,0,1.49994,1.49997
932,8.64195,1973,0.505345,0,9e+10,0,0,1.49996,1.49996
933,9.60216,1974,0.489547,0,9e+10,0,0,1.49989,1.49999
934,10.5624,1975,0.473753,0,9e+10,0,0,1.49975,1.50025
935,11.5226,1976,0.457849,0,9e+10,0,0,1.49955,1.50045
936,12.4828,1977,0.4427,0,9e+10,0,0,1.49897,1.5009
937,13.443,1978,0.435074,0,9e+10,0,0,1.49993,1.49993
938,14.4032,1979,0.43457,0,9e+10,0,0,1.49993,1.49994
939,15.3635,1980,0.43457,0,9e+10,0,0,1.49994,1.49994
940,16.3237,1981,0.43457,0,9e+10,0,0,1.49994,1.49994
941,17.2839,1982,0.43457,0,9e+10,0,0,1.49995,1.49995
942,18.2442,1983,0.43457,0,9e+10,0,0,1.49995,1.49995
943,19.2044,1984,0.43457,0,9e+10,0,0,1.49996,1.49996
944,20.1646,1985,0.43457,0,9e+10,0,0,1.49996,1.49996
945,21.1249,1986,0.43457,0,9e+10,0,0,1.49997,1.49997
946,22.0851,1987,0.43457,0,9e+10,0,0,1.49997,1.49997
947,23.0453,1988,0.43457,0,9e+10,0,0,1.49997,1.49998
948,24.0055,1989,0.43457,0,9e+10,0,0,1.49998,1.49998
949,24.9658,1990,0.43457,0,9e+10,0,0,1.49998,1.49998
950,25.926,1991,0.43457,0,9e+10,0,0,1.49999,1.49999
951,26.8862,1992,0.43457,0,9e+10,0,0,1.49999,1.49999
952,27.8465,1993,0.43457,0,9e+10,0,0,1.5,1.5
953,28.8067,1994,0.43457,0,9e+10,0,0,1.5,1.5
954,29.7669,1995,0.43457,0,9e+10,0,0,1.50001,1.50001
