LnID,DID,BLID,FLID,BNID,FNID,JCT,BLID2,BLID3,BLID4,FLID2,FLID3,FLID4,ClosssID,Span,LCnt,Lno,LaneType,LimitVel,RefVel,RoadSecID,LaneChgFG,LinkWAID
1,1,162,2,1,2,0,0,0,0,0,0,0,0,0.972142,2,1,0,2,2,0,1,0
2,2,1,3,2,3,0,0,0,0,0,0,0,0,0.972142,2,1,0,2,2,0,1,0
3,3,2,4,3,4,0,0,0,0,0,0,0,0,0.972142,2,1,0,2,2,0,1,0
4,4,3,5,4,5,0,0,0,0,0,0,0,0,0.972142,2,1,0,2,2,0,1,0
5,5,4,6,5,6,0,0,0,0,0,0,0,0,0.972142,2,1,0,2,2,0,1,0
6,6,5,7,6,7,0,0,0,0,0,0,0,0,0.972142,2,1,0,2,2,0,1,0
7,7,6,8,7,8,0,0,0,0,0,0,0,0,0.972142,2,1,0,2,2,0,1,0
8,8,7,9,8,9,0,0,0,0,0,0,0,0,0.972142,2,1,0,2,2,0,1,0
9,9,8,10,9,10,0,0,0,0,0,0,0,0,0.972142,2,1,0,2,2,0,1,0
10,10,9,11,10,11,0,0,0,0,0,0,0,0,0.972142,2,1,0,2,2,0,1,0
11,11,10,12,11,12,0,0,0,0,0,0,0,0,0.972142,2,1,0,2,2,0,1,0
12,12,11,13,12,13,0,0,0,0,0,0,0,0,0.972142,2,1,0,2,2,0,1,0
13,13,12,14,13,14,0,0,0,0,0,0,0,0,0.972142,2,1,0,2,2,0,1,0
14,14,13,15,14,15,0,0,0,0,0,0,0,0,0.972142,2,1,0,2,2,0,1,0
15,15,14,16,15,16,0,0,0,0,0,0,0,0,0.972142,2,1,0,2,2,0,1,0
16,16,15,17,16,17,0,0,0,0,0,0,0,0,0.972136,2,1,0,2,2,0,1,0
17,17,16,18,17,18,0,0,0,0,0,0,0,0,0.972138,2,1,0,2,2,0,1,0
18,18,17,19,18,19,0,0,0,0,0,0,0,0,0.972138,2,1,0,2,2,0,1,0
19,19,18,20,19,20,0,0,0,0,0,0,0,0,0.972138,2,1,0,2,2,0,1,0
20,20,19,21,20,21,0,0,0,0,0,0,0,0,0.972138,2,1,0,2,2,0,1,0
21,21,20,22,21,22,0,0,0,0,0,0,0,0,0.972138,2,1,0,2,2,0,1,0
22,22,21,23,22,23,0,0,0,0,0,0,0,0,0.972139,2,1,0,2,2,0,1,0
23,23,22,24,23,24,0,0,0,0,0,0,0,0,0.972139,2,1,0,2,2,0,1,0
24,24,23,25,24,25,0,0,0,0,0,0,0,0,0.972139,2,1,0,2,2,0,1,0
25,25,24,26,25,26,0,0,0,0,0,0,0,0,0.972139,2,1,0,2,2,0,1,0
26,26,25,27,26,27,0,0,0,0,0,0,0,0,0.972139,2,1,0,2,2,0,1,0
27,27,26,28,27,28,0,0,0,0,0,0,0,0,0.972139,2,1,0,2,2,0,1,0
28,28,27,29,28,29,0,0,0,0,0,0,0,0,0.972139,2,1,0,2,2,0,1,0
29,29,28,30,29,30,0,0,0,0,0,0,0,0,0.972139,2,1,0,2,2,0,1,0
30,30,29,31,30,31,0,0,0,0,0,0,0,0,0.972138,2,1,0,2,2,0,1,0
31,31,30,32,31,32,0,0,0,0,0,0,0,0,0.972138,2,1,0,2,2,0,1,0
32,32,31,33,32,33,0,0,0,0,0,0,0,0,0.972138,2,1,0,2,2,0,1,0
33,33,32,34,33,34,0,0,0,0,0,0,0,0,0.972138,2,1,0,2,2,0,1,0
34,34,33,35,34,35,0,0,0,0,0,0,0,0,0.972138,2,1,0,2,2,0,1,0
35,35,34,36,35,36,0,0,0,0,0,0,0,0,0.972138,2,1,0,2,2,0,1,0
36,36,35,37,36,37,0,0,0,0,0,0,0,0,0.972138,2,1,0,2,2,0,1,0
37,37,36,38,37,38,0,0,0,0,0,0,0,0,0.972138,2,1,0,2,2,0,1,0
38,38,37,39,38,39,0,0,0,0,0,0,0,0,0.972138,2,1,0,2,2,0,1,0
39,39,38,40,39,40,0,0,0,0,0,0,0,0,0.972138,2,1,0,2,2,0,1,0
40,40,39,41,40,41,0,0,0,0,0,0,0,0,0.972138,2,1,0,2,2,0,1,0
41,41,40,42,41,42,0,0,0,0,0,0,0,0,0.972139,2,1,0,2,2,0,1,0
42,42,41,43,42,43,0,0,0,0,0,0,0,0,0.972139,2,1,0,2,2,0,1,0
43,43,42,44,43,44,0,0,0,0,0,0,0,0,0.972139,2,1,0,2,2,0,1,0
44,44,43,707,44,45,0,0,0,0,0,0,0,0,0.97214,2,1,0,2,2,0,1,0
45,45,0,46,46,47,0,0,0,0,0,0,0,0,0.994701,2,1,0,2,2,0,1,0
46,46,45,47,47,48,0,0,0,0,0,0,0,0,0.994701,2,1,0,2,2,0,1,0
47,47,46,48,48,49,0,0,0,0,0,0,0,0,0.994701,2,1,0,2,2,0,1,0
48,48,47,49,49,50,0,0,0,0,0,0,0,0,0.994701,2,1,0,2,2,0,1,0
49,49,48,50,50,51,0,0,0,0,0,0,0,0,0.994701,2,1,0,2,2,0,1,0
50,50,49,51,51,52,0,0,0,0,0,0,0,0,0.994701,2,1,0,2,2,0,1,0
51,51,50,52,52,53,0,0,0,0,0,0,0,0,0.994701,2,1,0,2,2,0,1,0
52,52,51,53,53,54,0,0,0,0,0,0,0,0,0.994701,2,1,0,2,2,0,1,0
53,53,52,54,54,55,0,0,0,0,0,0,0,0,0.994701,2,1,0,2,2,0,1,0
54,54,53,55,55,56,0,0,0,0,0,0,0,0,0.994701,2,1,0,2,2,0,1,0
55,55,54,56,56,57,0,0,0,0,0,0,0,0,0.994701,2,1,0,2,2,0,1,0
56,56,55,57,57,58,0,0,0,0,0,0,0,0,0.994701,2,1,0,2,2,0,1,0
57,57,56,58,58,59,0,0,0,0,0,0,0,0,0.994701,2,1,0,2,2,0,1,0
58,58,57,59,59,60,0,0,0,0,0,0,0,0,0.994701,2,1,0,2,2,0,1,0
59,59,58,60,60,61,0,0,0,0,0,0,0,0,0.994701,2,1,0,2,2,0,1,0
60,60,59,61,61,62,0,0,0,0,0,0,0,0,0.994701,2,1,0,2,2,0,1,0
61,61,60,62,62,63,0,0,0,0,0,0,0,0,0.994701,2,1,0,2,2,0,1,0
62,62,61,63,63,64,0,0,0,0,0,0,0,0,0.994701,2,1,0,2,2,0,1,0
63,63,62,64,64,65,0,0,0,0,0,0,0,0,0.994701,2,1,0,2,2,0,1,0
64,64,63,65,65,66,0,0,0,0,0,0,0,0,0.994701,2,1,0,2,2,0,1,0
65,65,64,66,66,67,0,0,0,0,0,0,0,0,0.994701,2,1,0,2,2,0,1,0
66,66,65,67,67,68,0,0,0,0,0,0,0,0,0.994701,2,1,0,2,2,0,1,0
67,67,66,178,68,69,0,0,0,0,0,0,0,0,0.994701,2,1,0,2,2,0,1,0
68,68,152,69,70,71,0,0,0,0,0,0,0,0,0.958309,2,1,0,2,2,0,1,0
69,69,68,70,71,72,0,0,0,0,0,0,0,0,0.958309,2,1,0,2,2,0,1,0
70,70,69,71,72,73,0,0,0,0,0,0,0,0,0.958309,2,1,0,2,2,0,1,0
71,71,70,72,73,74,0,0,0,0,0,0,0,0,0.958309,2,1,0,2,2,0,1,0
72,72,71,73,74,75,0,0,0,0,0,0,0,0,0.958309,2,1,0,2,2,0,1,0
73,73,72,74,75,76,0,0,0,0,0,0,0,0,0.958271,2,1,0,2,2,0,1,0
74,74,73,75,76,77,0,0,0,0,0,0,0,0,0.958286,2,1,0,2,2,0,1,0
75,75,74,76,77,78,0,0,0,0,0,0,0,0,0.958286,2,1,0,2,2,0,1,0
76,76,75,77,78,79,0,0,0,0,0,0,0,0,0.958287,2,1,0,2,2,0,1,0
77,77,76,78,79,80,0,0,0,0,0,0,0,0,0.958288,2,1,0,2,2,0,1,0
78,78,77,79,80,81,0,0,0,0,0,0,0,0,0.958289,2,1,0,2,2,0,1,0
79,79,78,80,81,82,0,0,0,0,0,0,0,0,0.958289,2,1,0,2,2,0,1,0
80,80,79,81,82,83,0,0,0,0,0,0,0,0,0.958287,2,1,0,2,2,0,1,0
81,81,80,82,83,84,0,0,0,0,0,0,0,0,0.958286,2,1,0,2,2,0,1,0
82,82,81,83,84,85,0,0,0,0,0,0,0,0,0.958285,2,1,0,2,2,0,1,0
83,83,82,84,85,86,0,0,0,0,0,0,0,0,0.958283,2,1,0,2,2,0,1,0
84,84,83,85,86,87,0,0,0,0,0,0,0,0,0.958283,2,1,0,2,2,0,1,0
85,85,84,86,87,88,0,0,0,0,0,0,0,0,0.958284,2,1,0,2,2,0,1,0
86,86,85,87,88,89,0,0,0,0,0,0,0,0,0.958284,2,1,0,2,2,0,1,0
87,87,86,88,89,90,0,0,0,0,0,0,0,0,0.958285,2,1,0,2,2,0,1,0
88,88,87,89,90,91,0,0,0,0,0,0,0,0,0.958286,2,1,0,2,2,0,1,0
89,89,88,90,91,92,0,0,0,0,0,0,0,0,0.958288,2,1,0,2,2,0,1,0
90,90,89,91,92,93,0,0,0,0,0,0,0,0,0.95829,2,1,0,2,2,0,1,0
91,91,90,92,93,94,0,0,0,0,0,0,0,0,0.958292,2,1,0,2,2,0,1,0
92,92,91,470,94,95,0,0,0,0,0,0,0,0,0.958296,2,1,0,2,2,0,1,0
93,93,394,94,96,97,0,0,0,0,0,0,0,0,0.968553,2,1,0,2,2,0,1,0
94,94,93,95,97,98,0,0,0,0,0,0,0,0,0.96855,2,1,0,2,2,0,1,0
95,95,94,96,98,99,0,0,0,0,0,0,0,0,0.968548,2,1,0,2,2,0,1,0
96,96,95,97,99,100,0,0,0,0,0,0,0,0,0.968546,2,1,0,2,2,0,1,0
97,97,96,98,100,101,0,0,0,0,0,0,0,0,0.968544,2,1,0,2,2,0,1,0
98,98,97,99,101,102,0,0,0,0,0,0,0,0,0.968543,2,1,0,2,2,0,1,0
99,99,98,100,102,103,0,0,0,0,0,0,0,0,0.968542,2,1,0,2,2,0,1,0
100,100,99,101,103,104,0,0,0,0,0,0,0,0,0.968542,2,1,0,2,2,0,1,0
101,101,100,102,104,105,0,0,0,0,0,0,0,0,0.968541,2,1,0,2,2,0,1,0
102,102,101,103,105,106,0,0,0,0,0,0,0,0,0.968542,2,1,0,2,2,0,1,0
103,103,102,104,106,107,0,0,0,0,0,0,0,0,0.968543,2,1,0,2,2,0,1,0
104,104,103,105,107,108,0,0,0,0,0,0,0,0,0.968543,2,1,0,2,2,0,1,0
105,105,104,106,108,109,0,0,0,0,0,0,0,0,0.968545,2,1,0,2,2,0,1,0
106,106,105,107,109,110,0,0,0,0,0,0,0,0,0.968546,2,1,0,2,2,0,1,0
107,107,106,108,110,111,0,0,0,0,0,0,0,0,0.968547,2,1,0,2,2,0,1,0
108,108,107,109,111,112,0,0,0,0,0,0,0,0,0.968547,2,1,0,2,2,0,1,0
109,109,108,110,112,113,0,0,0,0,0,0,0,0,0.968546,2,1,0,2,2,0,1,0
110,110,109,111,113,114,0,0,0,0,0,0,0,0,0.968545,2,1,0,2,2,0,1,0
111,111,110,112,114,115,0,0,0,0,0,0,0,0,0.968545,2,1,0,2,2,0,1,0
112,112,111,113,115,116,0,0,0,0,0,0,0,0,0.968545,2,1,0,2,2,0,1,0
113,113,112,114,116,117,0,0,0,0,0,0,0,0,0.968531,2,1,0,2,2,0,1,0
114,114,113,115,117,118,0,0,0,0,0,0,0,0,0.968565,2,1,0,2,2,0,1,0
115,115,114,116,118,119,0,0,0,0,0,0,0,0,0.968565,2,1,0,2,2,0,1,0
116,116,115,117,119,120,0,0,0,0,0,0,0,0,0.968565,2,1,0,2,2,0,1,0
117,117,116,118,120,121,0,0,0,0,0,0,0,0,0.968565,2,1,0,2,2,0,1,0
118,118,117,153,121,122,0,0,0,0,0,0,0,0,0.968565,2,1,0,2,2,0,1,0
119,119,648,120,123,124,0,0,0,0,0,0,0,0,0.92605,2,1,0,2,2,0,1,0
120,120,119,121,124,125,0,0,0,0,0,0,0,0,0.92605,2,1,0,2,2,0,1,0
121,121,120,122,125,126,0,0,0,0,0,0,0,0,0.92605,2,1,0,2,2,0,1,0
122,122,121,123,126,127,0,0,0,0,0,0,0,0,0.92605,2,1,0,2,2,0,1,0
123,123,122,124,127,128,0,0,0,0,0,0,0,0,0.92605,2,1,0,2,2,0,1,0
124,124,123,125,128,129,0,0,0,0,0,0,0,0,0.92605,2,1,0,2,2,0,1,0
125,125,124,126,129,130,0,0,0,0,0,0,0,0,0.92605,2,1,0,2,2,0,1,0
126,126,125,127,130,131,0,0,0,0,0,0,0,0,0.92605,2,1,0,2,2,0,1,0
127,127,126,128,131,132,0,0,0,0,0,0,0,0,0.92605,2,1,0,2,2,0,1,0
128,128,127,129,132,133,0,0,0,0,0,0,0,0,0.92605,2,1,0,2,2,0,1,0
129,129,128,130,133,134,0,0,0,0,0,0,0,0,0.925961,2,1,0,2,2,0,1,0
130,130,129,131,134,135,0,0,0,0,0,0,0,0,0.925597,2,1,0,2,2,0,1,0
131,131,130,132,135,136,0,0,0,0,0,0,0,0,0.925704,2,1,0,2,2,0,1,0
132,132,131,133,136,137,0,0,0,0,0,0,0,0,0.925753,2,1,0,2,2,0,1,0
133,133,132,134,137,138,0,0,0,0,0,0,0,0,0.925759,2,1,0,2,2,0,1,0
134,134,133,135,138,139,0,0,0,0,0,0,0,0,0.925775,2,1,0,2,2,0,1,0
135,135,134,136,139,140,0,0,0,0,0,0,0,0,0.9258,2,1,0,2,2,0,1,0
136,136,135,137,140,141,0,0,0,0,0,0,0,0,0.925843,2,1,0,2,2,0,1,0
137,137,136,138,141,142,0,0,0,0,0,0,0,0,0.925886,2,1,0,2,2,0,1,0
138,138,137,139,142,143,0,0,0,0,0,0,0,0,0.925892,2,1,0,2,2,0,1,0
139,139,138,140,143,144,0,0,0,0,0,0,0,0,0.925891,2,1,0,2,2,0,1,0
140,140,139,141,144,145,0,0,0,0,0,0,0,0,0.925902,2,1,0,2,2,0,1,0
141,141,140,142,145,146,0,0,0,0,0,0,0,0,0.925927,2,1,0,2,2,0,1,0
142,142,141,153,146,147,0,0,0,0,0,0,0,0,0.925965,2,1,0,2,2,0,1,0
143,143,197,144,148,149,0,469,0,0,0,0,0,0,0.95816,2,1,0,2,2,0,1,0
144,144,143,145,149,150,0,0,0,0,0,0,0,0,0.95816,2,1,0,2,2,0,1,0
145,145,144,146,150,151,0,0,0,0,0,0,0,0,0.95816,2,1,0,2,2,0,1,0
146,146,145,147,151,152,0,0,0,0,0,0,0,0,0.95816,2,1,0,2,2,0,1,0
147,147,146,148,152,153,0,0,0,0,0,0,0,0,0.95816,2,1,0,2,2,0,1,0
148,148,147,149,153,154,0,0,0,0,0,0,0,0,0.95816,2,1,0,2,2,0,1,0
149,149,148,150,154,155,0,0,0,0,0,0,0,0,0.95816,2,1,0,2,2,0,1,0
150,150,149,151,155,156,0,0,0,0,0,0,0,0,0.95816,2,1,0,2,2,0,1,0
151,151,150,152,156,157,0,0,0,0,0,0,0,0,0.95816,2,1,0,2,2,0,1,0
152,152,151,68,157,158,0,0,0,0,0,0,0,0,0.95816,2,1,0,2,2,0,1,0
153,153,118,154,159,160,0,142,0,0,0,0,0,0,0.95816,2,1,0,2,2,0,1,0
154,154,153,155,160,161,0,0,0,0,0,0,0,0,0.95816,2,1,0,2,2,0,1,0
155,155,154,156,161,162,0,0,0,0,0,0,0,0,0.95816,2,1,0,2,2,0,1,0
156,156,155,157,162,163,0,0,0,0,0,0,0,0,0.95816,2,1,0,2,2,0,1,0
157,157,156,158,163,164,0,0,0,0,0,0,0,0,0.95816,2,1,0,2,2,0,1,0
158,158,157,159,164,165,0,0,0,0,0,0,0,0,0.95816,2,1,0,2,2,0,1,0
159,159,158,160,165,166,0,0,0,0,0,0,0,0,0.95816,2,1,0,2,2,0,1,0
160,160,159,161,166,167,0,0,0,0,0,0,0,0,0.95816,2,1,0,2,2,0,1,0
161,161,160,162,167,168,0,0,0,0,0,0,0,0,0.95816,2,1,0,2,2,0,1,0
162,162,161,1,168,169,0,0,0,0,0,0,0,0,0.95816,2,1,0,2,2,0,1,0
163,163,820,164,170,171,0,0,0,0,0,0,0,0,0.918961,2,1,0,2,2,0,1,0
164,164,163,165,171,172,0,0,0,0,0,0,0,0,0.918949,2,1,0,2,2,0,1,0
165,165,164,166,172,173,0,0,0,0,0,0,0,0,0.918941,2,1,0,2,2,0,1,0
166,166,165,167,173,174,0,0,0,0,0,0,0,0,0.918937,2,1,0,2,2,0,1,0
167,167,166,168,174,175,0,0,0,0,0,0,0,0,0.918936,2,1,0,2,2,0,1,0
168,168,167,169,175,176,0,0,0,0,0,0,0,0,0.918939,2,1,0,2,2,0,1,0
169,169,168,170,176,177,0,0,0,0,0,0,0,0,0.918944,2,1,0,2,2,0,1,0
170,170,169,171,177,178,0,0,0,0,0,0,0,0,0.918954,2,1,0,2,2,0,1,0
171,171,170,172,178,179,0,0,0,0,0,0,0,0,0.91896,2,1,0,2,2,0,1,0
172,172,171,173,179,180,0,0,0,0,0,0,0,0,0.918954,2,1,0,2,2,0,1,0
173,173,172,174,180,181,0,0,0,0,0,0,0,0,0.918946,2,1,0,2,2,0,1,0
174,174,173,175,181,182,0,0,0,0,0,0,0,0,0.918939,2,1,0,2,2,0,1,0
175,175,174,176,182,183,0,0,0,0,0,0,0,0,0.918936,2,1,0,2,2,0,1,0
176,176,175,177,183,184,0,0,0,0,0,0,0,0,0.918937,2,1,0,2,2,0,1,0
177,177,176,563,184,185,0,0,0,0,0,0,0,0,0.918958,2,1,0,2,2,0,1,0
178,178,67,179,186,187,0,0,0,0,0,0,0,0,0.836693,2,1,0,2,2,0,1,0
179,179,178,180,187,188,0,0,0,0,0,0,0,0,0.836693,2,1,0,2,2,0,1,0
180,180,179,181,188,189,0,0,0,0,0,0,0,0,0.836693,2,1,0,2,2,0,1,0
181,181,180,182,189,190,0,0,0,0,0,0,0,0,0.836693,2,1,0,2,2,0,1,0
182,182,181,183,190,191,0,0,0,0,0,0,0,0,0.834203,2,1,0,2,2,0,1,0
183,183,182,184,191,192,0,0,0,0,0,0,0,0,0.831316,2,1,0,2,2,0,1,0
184,184,183,185,192,193,0,0,0,0,0,0,0,0,0.83212,2,1,0,2,2,0,1,0
185,185,184,186,193,194,0,0,0,0,0,0,0,0,0.832439,2,1,0,2,2,0,1,0
186,186,185,187,194,195,0,0,0,0,0,0,0,0,0.833365,2,1,0,2,2,0,1,0
187,187,186,188,195,196,0,0,0,0,0,0,0,0,0.833738,2,1,0,2,2,0,1,0
188,188,187,189,196,197,0,0,0,0,0,0,0,0,0.833993,2,1,0,2,2,0,1,0
189,189,188,190,197,198,0,0,0,0,0,0,0,0,0.834521,2,1,0,2,2,0,1,0
190,190,189,191,198,199,0,0,0,0,0,0,0,0,0.834543,2,1,0,2,2,0,1,0
191,191,190,192,199,200,0,0,0,0,0,0,0,0,0.834897,2,1,0,2,2,0,1,0
192,192,191,193,200,201,0,0,0,0,0,0,0,0,0.835427,2,1,0,2,2,0,1,0
193,193,192,194,201,202,0,0,0,0,0,0,0,0,0.83543,2,1,0,2,2,0,1,0
194,194,193,195,202,203,0,0,0,0,0,0,0,0,0.835564,2,1,0,2,2,0,1,0
195,195,194,196,203,204,0,0,0,0,0,0,0,0,0.835695,2,1,0,2,2,0,1,0
196,196,195,197,204,205,0,0,0,0,0,0,0,0,0.835644,2,1,0,2,2,0,1,0
197,197,196,143,205,206,0,0,0,0,0,0,0,0,0.836058,2,1,0,2,2,0,1,0
198,198,314,199,207,208,0,922,0,0,0,0,0,0,0.976641,2,1,0,2,2,0,1,0
199,199,198,200,208,209,0,0,0,0,0,0,0,0,0.976641,2,1,0,2,2,0,1,0
200,200,199,201,209,210,0,0,0,0,0,0,0,0,0.976641,2,1,0,2,2,0,1,0
201,201,200,202,210,211,0,0,0,0,0,0,0,0,0.976641,2,1,0,2,2,0,1,0
202,202,201,203,211,212,0,0,0,0,0,0,0,0,0.976641,2,1,0,2,2,0,1,0
203,203,202,204,212,213,0,0,0,0,0,0,0,0,0.976641,2,1,0,2,2,0,1,0
204,204,203,205,213,214,0,0,0,0,0,0,0,0,0.976641,2,1,0,2,2,0,1,0
205,205,204,206,214,215,0,0,0,0,0,0,0,0,0.976641,2,1,0,2,2,0,1,0
206,206,205,207,215,216,0,0,0,0,0,0,0,0,0.976641,2,1,0,2,2,0,1,0
207,207,206,208,216,217,0,0,0,0,0,0,0,0,0.976641,2,1,0,2,2,0,1,0
208,208,207,209,217,218,0,0,0,0,0,0,0,0,0.976641,2,1,0,2,2,0,1,0
209,209,208,210,218,219,0,0,0,0,0,0,0,0,0.976641,2,1,0,2,2,0,1,0
210,210,209,211,219,220,0,0,0,0,0,0,0,0,0.976641,2,1,0,2,2,0,1,0
211,211,210,212,220,221,0,0,0,0,0,0,0,0,0.976641,2,1,0,2,2,0,1,0
212,212,211,213,221,222,0,0,0,0,0,0,0,0,0.976641,2,1,0,2,2,0,1,0
213,213,212,214,222,223,0,0,0,0,0,0,0,0,0.976641,2,1,0,2,2,0,1,0
214,214,213,215,223,224,0,0,0,0,0,0,0,0,0.976641,2,1,0,2,2,0,1,0
215,215,214,216,224,225,0,0,0,0,0,0,0,0,0.976641,2,1,0,2,2,0,1,0
216,216,215,217,225,226,0,0,0,0,0,0,0,0,0.976641,2,1,0,2,2,0,1,0
217,217,216,218,226,227,0,0,0,0,0,0,0,0,0.976641,2,1,0,2,2,0,1,0
218,218,217,219,227,228,0,0,0,0,0,0,0,0,0.976641,2,1,0,2,2,0,1,0
219,219,218,220,228,229,0,0,0,0,0,0,0,0,0.976641,2,1,0,2,2,0,1,0
220,220,219,0,229,230,0,0,0,0,0,0,0,0,0.976641,2,1,0,2,2,0,1,0
221,221,762,222,231,232,0,0,0,0,0,0,0,0,0.981779,2,1,0,2,2,0,1,0
222,222,221,223,232,233,0,0,0,0,0,0,0,0,0.981779,2,1,0,2,2,0,1,0
223,223,222,224,233,234,0,0,0,0,0,0,0,0,0.981779,2,1,0,2,2,0,1,0
224,224,223,225,234,235,0,0,0,0,0,0,0,0,0.981779,2,1,0,2,2,0,1,0
225,225,224,226,235,236,0,0,0,0,0,0,0,0,0.981779,2,1,0,2,2,0,1,0
226,226,225,227,236,237,0,0,0,0,0,0,0,0,0.981779,2,1,0,2,2,0,1,0
227,227,226,228,237,238,0,0,0,0,0,0,0,0,0.981779,2,1,0,2,2,0,1,0
228,228,227,229,238,239,0,0,0,0,0,0,0,0,0.981779,2,1,0,2,2,0,1,0
229,229,228,230,239,240,0,0,0,0,0,0,0,0,0.981779,2,1,0,2,2,0,1,0
230,230,229,231,240,241,0,0,0,0,0,0,0,0,0.981779,2,1,0,2,2,0,1,0
231,231,230,232,241,242,0,0,0,0,0,0,0,0,0.981779,2,1,0,2,2,0,1,0
232,232,231,233,242,243,0,0,0,0,0,0,0,0,0.981779,2,1,0,2,2,0,1,0
233,233,232,234,243,244,0,0,0,0,0,0,0,0,0.981779,2,1,0,2,2,0,1,0
234,234,233,235,244,245,0,0,0,0,0,0,0,0,0.981779,2,1,0,2,2,0,1,0
235,235,234,236,245,246,0,0,0,0,0,0,0,0,0.981779,2,1,0,2,2,0,1,0
236,236,235,237,246,247,0,0,0,0,0,0,0,0,0.981779,2,1,0,2,2,0,1,0
237,237,236,238,247,248,0,0,0,0,0,0,0,0,0.981779,2,1,0,2,2,0,1,0
238,238,237,239,248,249,0,0,0,0,0,0,0,0,0.981779,2,1,0,2,2,0,1,0
239,239,238,240,249,250,0,0,0,0,0,0,0,0,0.981779,2,1,0,2,2,0,1,0
240,240,239,241,250,251,0,0,0,0,0,0,0,0,0.981779,2,1,0,2,2,0,1,0
241,241,240,0,251,252,0,0,0,0,0,0,0,0,0.981779,2,1,0,2,2,0,1,0
242,242,426,243,253,254,0,0,0,0,0,0,0,0,0.82646,2,1,0,2,2,0,1,0
243,243,242,244,254,255,0,0,0,0,0,0,0,0,0.826245,2,1,0,2,2,0,1,0
244,244,243,245,255,256,0,0,0,0,0,0,0,0,0.826411,2,1,0,2,2,0,1,0
245,245,244,246,256,257,0,0,0,0,0,0,0,0,0.826456,2,1,0,2,2,0,1,0
246,246,245,247,257,258,0,0,0,0,0,0,0,0,0.826252,2,1,0,2,2,0,1,0
247,247,246,248,258,259,0,0,0,0,0,0,0,0,0.826365,2,1,0,2,2,0,1,0
248,248,247,249,259,260,0,0,0,0,0,0,0,0,0.826453,2,1,0,2,2,0,1,0
249,249,248,250,260,261,0,0,0,0,0,0,0,0,0.826263,2,1,0,2,2,0,1,0
250,250,249,251,261,262,0,0,0,0,0,0,0,0,0.826329,2,1,0,2,2,0,1,0
251,251,250,252,262,263,0,0,0,0,0,0,0,0,0.826452,2,1,0,2,2,0,1,0
252,252,251,253,263,264,0,0,0,0,0,0,0,0,0.826284,2,1,0,2,2,0,1,0
253,253,252,254,264,265,0,0,0,0,0,0,0,0,0.826297,2,1,0,2,2,0,1,0
254,254,253,255,265,266,0,0,0,0,0,0,0,0,0.826447,2,1,0,2,2,0,1,0
255,255,254,256,266,267,0,0,0,0,0,0,0,0,0.826311,2,1,0,2,2,0,1,0
256,256,255,257,267,268,0,0,0,0,0,0,0,0,0.826272,2,1,0,2,2,0,1,0
257,257,256,258,268,269,0,0,0,0,0,0,0,0,0.826427,2,1,0,2,2,0,1,0
258,258,257,259,269,270,0,0,0,0,0,0,0,0,0.826327,2,1,0,2,2,0,1,0
259,259,258,260,270,271,0,0,0,0,0,0,0,0,0.826254,2,1,0,2,2,0,1,0
260,260,259,261,271,272,0,0,0,0,0,0,0,0,0.826386,2,1,0,2,2,0,1,0
261,261,260,262,272,273,0,0,0,0,0,0,0,0,0.826326,2,1,0,2,2,0,1,0
262,262,261,263,273,274,0,0,0,0,0,0,0,0,0.826101,2,1,0,2,2,0,1,0
263,263,262,470,274,275,0,0,0,0,0,0,0,0,0.826781,2,1,0,2,2,0,1,0
264,264,562,265,276,277,0,0,0,0,0,0,0,0,0.968462,2,1,0,2,2,0,1,0
265,265,264,266,277,278,0,0,0,0,0,0,0,0,0.979261,2,1,0,2,2,0,1,0
266,266,265,267,278,279,0,0,0,0,0,0,0,0,0.985931,2,1,0,2,2,0,1,0
267,267,266,268,279,280,0,0,0,0,0,0,0,0,0.985931,2,1,0,2,2,0,1,0
268,268,267,269,280,281,0,0,0,0,0,0,0,0,0.985931,2,1,0,2,2,0,1,0
269,269,268,270,281,282,0,0,0,0,0,0,0,0,0.985931,2,1,0,2,2,0,1,0
270,270,269,271,282,283,0,0,0,0,0,0,0,0,0.985931,2,1,0,2,2,0,1,0
271,271,270,272,283,284,0,0,0,0,0,0,0,0,0.985931,2,1,0,2,2,0,1,0
272,272,271,273,284,285,0,0,0,0,0,0,0,0,0.985931,2,1,0,2,2,0,1,0
273,273,272,274,285,286,0,0,0,0,0,0,0,0,0.985931,2,1,0,2,2,0,1,0
274,274,273,275,286,287,0,0,0,0,0,0,0,0,0.985931,2,1,0,2,2,0,1,0
275,275,274,276,287,288,0,0,0,0,0,0,0,0,0.985931,2,1,0,2,2,0,1,0
276,276,275,277,288,289,0,0,0,0,0,0,0,0,0.985931,2,1,0,2,2,0,1,0
277,277,276,278,289,290,0,0,0,0,0,0,0,0,0.985931,2,1,0,2,2,0,1,0
278,278,277,279,290,291,0,0,0,0,0,0,0,0,0.985931,2,1,0,2,2,0,1,0
279,279,278,280,291,292,0,0,0,0,0,0,0,0,0.985931,2,1,0,2,2,0,1,0
280,280,279,281,292,293,0,0,0,0,0,0,0,0,0.985931,2,1,0,2,2,0,1,0
281,281,280,282,293,294,0,0,0,0,0,0,0,0,0.985931,2,1,0,2,2,0,1,0
282,282,281,283,294,295,0,0,0,0,0,0,0,0,0.985931,2,1,0,2,2,0,1,0
283,283,282,284,295,296,0,0,0,0,0,0,0,0,0.985931,2,1,0,2,2,0,1,0
284,284,283,285,296,297,0,0,0,0,0,0,0,0,0.985931,2,1,0,2,2,0,1,0
285,285,284,286,297,298,0,0,0,0,0,0,0,0,0.985931,2,1,0,2,2,0,1,0
286,286,285,287,298,299,0,0,0,0,0,0,0,0,0.985931,2,1,0,2,2,0,1,0
287,287,286,288,299,300,0,0,0,0,0,0,0,0,0.985931,2,1,0,2,2,0,1,0
288,288,287,289,300,301,0,0,0,0,0,0,0,0,0.985931,2,1,0,2,2,0,1,0
289,289,288,290,301,302,0,0,0,0,0,0,0,0,0.985931,2,1,0,2,2,0,1,0
290,290,289,291,302,303,0,0,0,0,0,0,0,0,0.985931,2,1,0,2,2,0,1,0
291,291,290,292,303,304,0,0,0,0,0,0,0,0,0.985931,2,1,0,2,2,0,1,0
292,292,291,293,304,305,0,0,0,0,0,0,0,0,0.985931,2,1,0,2,2,0,1,0
293,293,292,294,305,306,0,0,0,0,0,0,0,0,0.985931,2,1,0,2,2,0,1,0
294,294,293,295,306,307,0,0,0,0,0,0,0,0,0.985931,2,1,0,2,2,0,1,0
295,295,294,296,307,308,0,0,0,0,0,0,0,0,0.985931,2,1,0,2,2,0,1,0
296,296,295,297,308,309,0,0,0,0,0,0,0,0,0.985931,2,1,0,2,2,0,1,0
297,297,296,298,309,310,0,0,0,0,0,0,0,0,0.985931,2,1,0,2,2,0,1,0
298,298,297,299,310,311,0,0,0,0,0,0,0,0,0.985931,2,1,0,2,2,0,1,0
299,299,298,300,311,312,0,0,0,0,0,0,0,0,0.985931,2,1,0,2,2,0,1,0
300,300,299,301,312,313,0,0,0,0,0,0,0,0,0.985931,2,1,0,2,2,0,1,0
301,301,300,302,313,314,0,0,0,0,0,0,0,0,0.985931,2,1,0,2,2,0,1,0
302,302,301,303,314,315,0,0,0,0,0,0,0,0,0.985931,2,1,0,2,2,0,1,0
303,303,302,304,315,316,0,0,0,0,0,0,0,0,0.985931,2,1,0,2,2,0,1,0
304,304,303,305,316,317,0,0,0,0,0,0,0,0,0.985931,2,1,0,2,2,0,1,0
305,305,304,306,317,318,0,0,0,0,0,0,0,0,0.985931,2,1,0,2,2,0,1,0
306,306,305,307,318,319,0,0,0,0,0,0,0,0,0.985931,2,1,0,2,2,0,1,0
307,307,306,308,319,320,0,0,0,0,0,0,0,0,0.985931,2,1,0,2,2,0,1,0
308,308,307,309,320,321,0,0,0,0,0,0,0,0,0.985931,2,1,0,2,2,0,1,0
309,309,308,310,321,322,0,0,0,0,0,0,0,0,0.985931,2,1,0,2,2,0,1,0
310,310,309,311,322,323,0,0,0,0,0,0,0,0,0.985931,2,1,0,2,2,0,1,0
311,311,310,312,323,324,0,0,0,0,0,0,0,0,0.985931,2,1,0,2,2,0,1,0
312,312,311,313,324,325,0,0,0,0,0,0,0,0,0.985931,2,1,0,2,2,0,1,0
313,313,312,314,325,326,0,0,0,0,0,0,0,0,0.985931,2,1,0,2,2,0,1,0
314,314,313,198,326,327,0,0,0,0,0,0,0,0,0.985931,2,1,0,2,2,0,1,0
315,315,616,316,328,329,0,842,0,0,0,0,0,0,0.974585,2,1,0,2,2,0,1,0
316,316,315,317,329,330,0,0,0,0,0,0,0,0,0.974585,2,1,0,2,2,0,1,0
317,317,316,318,330,331,0,0,0,0,0,0,0,0,0.974585,2,1,0,2,2,0,1,0
318,318,317,319,331,332,0,0,0,0,0,0,0,0,0.974585,2,1,0,2,2,0,1,0
319,319,318,320,332,333,0,0,0,0,0,0,0,0,0.974585,2,1,0,2,2,0,1,0
320,320,319,321,333,334,0,0,0,0,0,0,0,0,0.974585,2,1,0,2,2,0,1,0
321,321,320,322,334,335,0,0,0,0,0,0,0,0,0.974585,2,1,0,2,2,0,1,0
322,322,321,323,335,336,0,0,0,0,0,0,0,0,0.974585,2,1,0,2,2,0,1,0
323,323,322,324,336,337,0,0,0,0,0,0,0,0,0.974585,2,1,0,2,2,0,1,0
324,324,323,325,337,338,0,0,0,0,0,0,0,0,0.974585,2,1,0,2,2,0,1,0
325,325,324,326,338,339,0,0,0,0,0,0,0,0,0.974585,2,1,0,2,2,0,1,0
326,326,325,327,339,340,0,0,0,0,0,0,0,0,0.974585,2,1,0,2,2,0,1,0
327,327,326,328,340,341,0,0,0,0,0,0,0,0,0.974585,2,1,0,2,2,0,1,0
328,328,327,329,341,342,0,0,0,0,0,0,0,0,0.974585,2,1,0,2,2,0,1,0
329,329,328,330,342,343,0,0,0,0,0,0,0,0,0.974585,2,1,0,2,2,0,1,0
330,330,329,331,343,344,0,0,0,0,0,0,0,0,0.974585,2,1,0,2,2,0,1,0
331,331,330,332,344,345,0,0,0,0,0,0,0,0,0.974585,2,1,0,2,2,0,1,0
332,332,331,333,345,346,0,0,0,0,0,0,0,0,0.974585,2,1,0,2,2,0,1,0
333,333,332,334,346,347,0,0,0,0,0,0,0,0,0.974585,2,1,0,2,2,0,1,0
334,334,333,335,347,348,0,0,0,0,0,0,0,0,0.974585,2,1,0,2,2,0,1,0
335,335,334,336,348,349,0,0,0,0,0,0,0,0,0.974585,2,1,0,2,2,0,1,0
336,336,335,337,349,350,0,0,0,0,0,0,0,0,0.974585,2,1,0,2,2,0,1,0
337,337,336,338,350,351,0,0,0,0,0,0,0,0,0.974585,2,1,0,2,2,0,1,0
338,338,337,339,351,352,0,0,0,0,0,0,0,0,0.974585,2,1,0,2,2,0,1,0
339,339,338,340,352,353,0,0,0,0,0,0,0,0,0.974585,2,1,0,2,2,0,1,0
340,340,339,341,353,354,0,0,0,0,0,0,0,0,0.974585,2,1,0,2,2,0,1,0
341,341,340,342,354,355,0,0,0,0,0,0,0,0,0.974585,2,1,0,2,2,0,1,0
342,342,341,343,355,356,0,0,0,0,0,0,0,0,0.974585,2,1,0,2,2,0,1,0
343,343,342,344,356,357,0,0,0,0,0,0,0,0,0.974585,2,1,0,2,2,0,1,0
344,344,343,345,357,358,0,0,0,0,0,0,0,0,0.974585,2,1,0,2,2,0,1,0
345,345,344,346,358,359,0,0,0,0,0,0,0,0,0.974585,2,1,0,2,2,0,1,0
346,346,345,347,359,360,0,0,0,0,0,0,0,0,0.974585,2,1,0,2,2,0,1,0
347,347,346,348,360,361,0,0,0,0,0,0,0,0,0.974585,2,1,0,2,2,0,1,0
348,348,347,349,361,362,0,0,0,0,0,0,0,0,0.974585,2,1,0,2,2,0,1,0
349,349,348,0,362,363,0,0,0,0,0,0,0,0,0.974585,2,1,0,2,2,0,1,0
350,350,954,351,364,365,0,0,0,0,0,0,0,0,0.977899,2,1,0,2,2,0,1,0
351,351,350,352,365,366,0,0,0,0,0,0,0,0,0.977899,2,1,0,2,2,0,1,0
352,352,351,353,366,367,0,0,0,0,0,0,0,0,0.977899,2,1,0,2,2,0,1,0
353,353,352,354,367,368,0,0,0,0,0,0,0,0,0.977899,2,1,0,2,2,0,1,0
354,354,353,355,368,369,0,0,0,0,0,0,0,0,0.977899,2,1,0,2,2,0,1,0
355,355,354,356,369,370,0,0,0,0,0,0,0,0,0.977899,2,1,0,2,2,0,1,0
356,356,355,357,370,371,0,0,0,0,0,0,0,0,0.977899,2,1,0,2,2,0,1,0
357,357,356,358,371,372,0,0,0,0,0,0,0,0,0.977899,2,1,0,2,2,0,1,0
358,358,357,359,372,373,0,0,0,0,0,0,0,0,0.977899,2,1,0,2,2,0,1,0
359,359,358,360,373,374,0,0,0,0,0,0,0,0,0.977899,2,1,0,2,2,0,1,0
360,360,359,361,374,375,0,0,0,0,0,0,0,0,0.977899,2,1,0,2,2,0,1,0
361,361,360,362,375,376,0,0,0,0,0,0,0,0,0.977899,2,1,0,2,2,0,1,0
362,362,361,363,376,377,0,0,0,0,0,0,0,0,0.977899,2,1,0,2,2,0,1,0
363,363,362,364,377,378,0,0,0,0,0,0,0,0,0.977899,2,1,0,2,2,0,1,0
364,364,363,365,378,379,0,0,0,0,0,0,0,0,0.977899,2,1,0,2,2,0,1,0
365,365,364,366,379,380,0,0,0,0,0,0,0,0,0.977899,2,1,0,2,2,0,1,0
366,366,365,367,380,381,0,0,0,0,0,0,0,0,0.977899,2,1,0,2,2,0,1,0
367,367,366,368,381,382,0,0,0,0,0,0,0,0,0.977899,2,1,0,2,2,0,1,0
368,368,367,369,382,383,0,0,0,0,0,0,0,0,0.977899,2,1,0,2,2,0,1,0
369,369,368,370,383,384,0,0,0,0,0,0,0,0,0.977899,2,1,0,2,2,0,1,0
370,370,369,371,384,385,0,0,0,0,0,0,0,0,0.977899,2,1,0,2,2,0,1,0
371,371,370,372,385,386,0,0,0,0,0,0,0,0,0.977899,2,1,0,2,2,0,1,0
372,372,371,373,386,387,0,0,0,0,0,0,0,0,0.977899,2,1,0,2,2,0,1,0
373,373,372,374,387,388,0,0,0,0,0,0,0,0,0.977899,2,1,0,2,2,0,1,0
374,374,373,375,388,389,0,0,0,0,0,0,0,0,0.977899,2,1,0,2,2,0,1,0
375,375,374,376,389,390,0,0,0,0,0,0,0,0,0.977899,2,1,0,2,2,0,1,0
376,376,375,377,390,391,0,0,0,0,0,0,0,0,0.977899,2,1,0,2,2,0,1,0
377,377,376,378,391,392,0,0,0,0,0,0,0,0,0.977899,2,1,0,2,2,0,1,0
378,378,377,379,392,393,0,0,0,0,0,0,0,0,0.977899,2,1,0,2,2,0,1,0
379,379,378,380,393,394,0,0,0,0,0,0,0,0,0.977899,2,1,0,2,2,0,1,0
380,380,379,381,394,395,0,0,0,0,0,0,0,0,0.977899,2,1,0,2,2,0,1,0
381,381,380,382,395,396,0,0,0,0,0,0,0,0,0.977899,2,1,0,2,2,0,1,0
382,382,381,383,396,397,0,0,0,0,0,0,0,0,0.977899,2,1,0,2,2,0,1,0
383,383,382,384,397,398,0,0,0,0,0,0,0,0,0.977899,2,1,0,2,2,0,1,0
384,384,383,385,398,399,0,0,0,0,0,0,0,0,0.977899,2,1,0,2,2,0,1,0
385,385,384,386,399,400,0,0,0,0,0,0,0,0,0.977899,2,1,0,2,2,0,1,0
386,386,385,387,400,401,0,0,0,0,0,0,0,0,0.977899,2,1,0,2,2,0,1,0
387,387,386,388,401,402,0,0,0,0,0,0,0,0,0.977899,2,1,0,2,2,0,1,0
388,388,387,389,402,403,0,0,0,0,0,0,0,0,0.977899,2,1,0,2,2,0,1,0
389,389,388,390,403,404,0,0,0,0,0,0,0,0,0.977899,2,1,0,2,2,0,1,0
390,390,389,391,404,405,0,0,0,0,0,0,0,0,0.977899,2,1,0,2,2,0,1,0
391,391,390,392,405,406,0,0,0,0,0,0,0,0,0.977899,2,1,0,2,2,0,1,0
392,392,391,393,406,407,0,0,0,0,0,0,0,0,0.977899,2,1,0,2,2,0,1,0
393,393,392,394,407,408,0,0,0,0,0,0,0,0,0.977899,2,1,0,2,2,0,1,0
394,394,393,93,408,409,0,0,0,0,0,0,0,0,0.977899,2,1,0,2,2,0,1,0
395,395,0,396,410,411,0,0,0,0,0,0,0,0,0.986017,2,1,0,2,2,0,1,0
396,396,395,397,411,412,0,0,0,0,0,0,0,0,0.986017,2,1,0,2,2,0,1,0
397,397,396,398,412,413,0,0,0,0,0,0,0,0,0.986017,2,1,0,2,2,0,1,0
398,398,397,399,413,414,0,0,0,0,0,0,0,0,0.986017,2,1,0,2,2,0,1,0
399,399,398,400,414,415,0,0,0,0,0,0,0,0,0.986017,2,1,0,2,2,0,1,0
400,400,399,401,415,416,0,0,0,0,0,0,0,0,0.986017,2,1,0,2,2,0,1,0
401,401,400,402,416,417,0,0,0,0,0,0,0,0,0.986017,2,1,0,2,2,0,1,0
402,402,401,403,417,418,0,0,0,0,0,0,0,0,0.986017,2,1,0,2,2,0,1,0
403,403,402,404,418,419,0,0,0,0,0,0,0,0,0.986017,2,1,0,2,2,0,1,0
404,404,403,405,419,420,0,0,0,0,0,0,0,0,0.986017,2,1,0,2,2,0,1,0
405,405,404,406,420,421,0,0,0,0,0,0,0,0,0.986017,2,1,0,2,2,0,1,0
406,406,405,407,421,422,0,0,0,0,0,0,0,0,0.986017,2,1,0,2,2,0,1,0
407,407,406,408,422,423,0,0,0,0,0,0,0,0,0.986017,2,1,0,2,2,0,1,0
408,408,407,409,423,424,0,0,0,0,0,0,0,0,0.986017,2,1,0,2,2,0,1,0
409,409,408,410,424,425,0,0,0,0,0,0,0,0,0.986017,2,1,0,2,2,0,1,0
410,410,409,411,425,426,0,0,0,0,0,0,0,0,0.986017,2,1,0,2,2,0,1,0
411,411,410,412,426,427,0,0,0,0,0,0,0,0,0.986017,2,1,0,2,2,0,1,0
412,412,411,413,427,428,0,0,0,0,0,0,0,0,0.986017,2,1,0,2,2,0,1,0
413,413,412,414,428,429,0,0,0,0,0,0,0,0,0.986017,2,1,0,2,2,0,1,0
414,414,413,415,429,430,0,0,0,0,0,0,0,0,0.986017,2,1,0,2,2,0,1,0
415,415,414,416,430,431,0,0,0,0,0,0,0,0,0.986017,2,1,0,2,2,0,1,0
416,416,415,417,431,432,0,0,0,0,0,0,0,0,0.986017,2,1,0,2,2,0,1,0
417,417,416,418,432,433,0,0,0,0,0,0,0,0,0.986017,2,1,0,2,2,0,1,0
418,418,417,419,433,434,0,0,0,0,0,0,0,0,0.986017,2,1,0,2,2,0,1,0
419,419,418,420,434,435,0,0,0,0,0,0,0,0,0.986017,2,1,0,2,2,0,1,0
420,420,419,421,435,436,0,0,0,0,0,0,0,0,0.986017,2,1,0,2,2,0,1,0
421,421,420,422,436,437,0,0,0,0,0,0,0,0,0.986017,2,1,0,2,2,0,1,0
422,422,421,423,437,438,0,0,0,0,0,0,0,0,0.986017,2,1,0,2,2,0,1,0
423,423,422,424,438,439,0,0,0,0,0,0,0,0,0.986017,2,1,0,2,2,0,1,0
424,424,423,425,439,440,0,0,0,0,0,0,0,0,0.986017,2,1,0,2,2,0,1,0
425,425,424,426,440,441,0,0,0,0,0,0,0,0,0.986017,2,1,0,2,2,0,1,0
426,426,425,242,441,442,0,0,0,0,0,0,0,0,0.986017,2,1,0,2,2,0,1,0
427,427,791,428,443,444,0,0,0,0,0,0,0,0,0.9789,2,1,0,2,2,0,1,0
428,428,427,429,444,445,0,0,0,0,0,0,0,0,0.9789,2,1,0,2,2,0,1,0
429,429,428,430,445,446,0,0,0,0,0,0,0,0,0.978899,2,1,0,2,2,0,1,0
430,430,429,431,446,447,0,0,0,0,0,0,0,0,0.978899,2,1,0,2,2,0,1,0
431,431,430,432,447,448,0,0,0,0,0,0,0,0,0.978899,2,1,0,2,2,0,1,0
432,432,431,433,448,449,0,0,0,0,0,0,0,0,0.978899,2,1,0,2,2,0,1,0
433,433,432,434,449,450,0,0,0,0,0,0,0,0,0.978899,2,1,0,2,2,0,1,0
434,434,433,435,450,451,0,0,0,0,0,0,0,0,0.978899,2,1,0,2,2,0,1,0
435,435,434,436,451,452,0,0,0,0,0,0,0,0,0.978898,2,1,0,2,2,0,1,0
436,436,435,437,452,453,0,0,0,0,0,0,0,0,0.978898,2,1,0,2,2,0,1,0
437,437,436,438,453,454,0,0,0,0,0,0,0,0,0.978898,2,1,0,2,2,0,1,0
438,438,437,439,454,455,0,0,0,0,0,0,0,0,0.978898,2,1,0,2,2,0,1,0
439,439,438,440,455,456,0,0,0,0,0,0,0,0,0.978898,2,1,0,2,2,0,1,0
440,440,439,441,456,457,0,0,0,0,0,0,0,0,0.978898,2,1,0,2,2,0,1,0
441,441,440,442,457,458,0,0,0,0,0,0,0,0,0.978898,2,1,0,2,2,0,1,0
442,442,441,443,458,459,0,0,0,0,0,0,0,0,0.978898,2,1,0,2,2,0,1,0
443,443,442,444,459,460,0,0,0,0,0,0,0,0,0.978898,2,1,0,2,2,0,1,0
444,444,443,445,460,461,0,0,0,0,0,0,0,0,0.978898,2,1,0,2,2,0,1,0
445,445,444,446,461,462,0,0,0,0,0,0,0,0,0.978898,2,1,0,2,2,0,1,0
446,446,445,447,462,463,0,0,0,0,0,0,0,0,0.978898,2,1,0,2,2,0,1,0
447,447,446,448,463,464,0,0,0,0,0,0,0,0,0.978898,2,1,0,2,2,0,1,0
448,448,447,449,464,465,0,0,0,0,0,0,0,0,0.978898,2,1,0,2,2,0,1,0
449,449,448,450,465,466,0,0,0,0,0,0,0,0,0.978898,2,1,0,2,2,0,1,0
450,450,449,451,466,467,0,0,0,0,0,0,0,0,0.978898,2,1,0,2,2,0,1,0
451,451,450,452,467,468,0,0,0,0,0,0,0,0,0.978898,2,1,0,2,2,0,1,0
452,452,451,453,468,469,0,0,0,0,0,0,0,0,0.978898,2,1,0,2,2,0,1,0
453,453,452,454,469,470,0,0,0,0,0,0,0,0,0.978898,2,1,0,2,2,0,1,0
454,454,453,455,470,471,0,0,0,0,0,0,0,0,0.978897,2,1,0,2,2,0,1,0
455,455,454,456,471,472,0,0,0,0,0,0,0,0,0.978902,2,1,0,2,2,0,1,0
456,456,455,457,472,473,0,0,0,0,0,0,0,0,0.978902,2,1,0,2,2,0,1,0
457,457,456,458,473,474,0,0,0,0,0,0,0,0,0.978902,2,1,0,2,2,0,1,0
458,458,457,459,474,475,0,0,0,0,0,0,0,0,0.978902,2,1,0,2,2,0,1,0
459,459,458,460,475,476,0,0,0,0,0,0,0,0,0.978902,2,1,0,2,2,0,1,0
460,460,459,461,476,477,0,0,0,0,0,0,0,0,0.978902,2,1,0,2,2,0,1,0
461,461,460,462,477,478,0,0,0,0,0,0,0,0,0.978902,2,1,0,2,2,0,1,0
462,462,461,463,478,479,0,0,0,0,0,0,0,0,0.978902,2,1,0,2,2,0,1,0
463,463,462,464,479,480,0,0,0,0,0,0,0,0,0.978902,2,1,0,2,2,0,1,0
464,464,463,465,480,481,0,0,0,0,0,0,0,0,0.978902,2,1,0,2,2,0,1,0
465,465,464,466,481,482,0,0,0,0,0,0,0,0,0.978902,2,1,0,2,2,0,1,0
466,466,465,467,482,483,0,0,0,0,0,0,0,0,0.978902,2,1,0,2,2,0,1,0
467,467,466,468,483,484,0,0,0,0,0,0,0,0,0.978902,2,1,0,2,2,0,1,0
468,468,467,469,484,485,0,0,0,0,0,0,0,0,0.978902,2,1,0,2,2,0,1,0
469,469,468,143,485,486,0,0,0,0,0,0,0,0,0.978902,2,1,0,2,2,0,1,0
470,470,92,471,487,488,0,263,0,0,0,0,0,0,0.977899,2,1,0,2,2,0,1,0
471,471,470,472,488,489,0,0,0,0,0,0,0,0,0.977899,2,1,0,2,2,0,1,0
472,472,471,473,489,490,0,0,0,0,0,0,0,0,0.977899,2,1,0,2,2,0,1,0
473,473,472,474,490,491,0,0,0,0,0,0,0,0,0.977899,2,1,0,2,2,0,1,0
474,474,473,475,491,492,0,0,0,0,0,0,0,0,0.977899,2,1,0,2,2,0,1,0
475,475,474,476,492,493,0,0,0,0,0,0,0,0,0.977899,2,1,0,2,2,0,1,0
476,476,475,477,493,494,0,0,0,0,0,0,0,0,0.977899,2,1,0,2,2,0,1,0
477,477,476,478,494,495,0,0,0,0,0,0,0,0,0.977899,2,1,0,2,2,0,1,0
478,478,477,479,495,496,0,0,0,0,0,0,0,0,0.977899,2,1,0,2,2,0,1,0
479,479,478,480,496,497,0,0,0,0,0,0,0,0,0.977899,2,1,0,2,2,0,1,0
480,480,479,481,497,498,0,0,0,0,0,0,0,0,0.977899,2,1,0,2,2,0,1,0
481,481,480,482,498,499,0,0,0,0,0,0,0,0,0.977899,2,1,0,2,2,0,1,0
482,482,481,483,499,500,0,0,0,0,0,0,0,0,0.977899,2,1,0,2,2,0,1,0
483,483,482,484,500,501,0,0,0,0,0,0,0,0,0.977899,2,1,0,2,2,0,1,0
484,484,483,485,501,502,0,0,0,0,0,0,0,0,0.977899,2,1,0,2,2,0,1,0
485,485,484,486,502,503,0,0,0,0,0,0,0,0,0.977899,2,1,0,2,2,0,1,0
486,486,485,487,503,504,0,0,0,0,0,0,0,0,0.977899,2,1,0,2,2,0,1,0
487,487,486,488,504,505,0,0,0,0,0,0,0,0,0.977899,2,1,0,2,2,0,1,0
488,488,487,489,505,506,0,0,0,0,0,0,0,0,0.977899,2,1,0,2,2,0,1,0
489,489,488,490,506,507,0,0,0,0,0,0,0,0,0.977899,2,1,0,2,2,0,1,0
490,490,489,491,507,508,0,0,0,0,0,0,0,0,0.977899,2,1,0,2,2,0,1,0
491,491,490,492,508,509,0,0,0,0,0,0,0,0,0.977899,2,1,0,2,2,0,1,0
492,492,491,493,509,510,0,0,0,0,0,0,0,0,0.977899,2,1,0,2,2,0,1,0
493,493,492,494,510,511,0,0,0,0,0,0,0,0,0.977899,2,1,0,2,2,0,1,0
494,494,493,495,511,512,0,0,0,0,0,0,0,0,0.977899,2,1,0,2,2,0,1,0
495,495,494,496,512,513,0,0,0,0,0,0,0,0,0.977899,2,1,0,2,2,0,1,0
496,496,495,497,513,514,0,0,0,0,0,0,0,0,0.977899,2,1,0,2,2,0,1,0
497,497,496,498,514,515,0,0,0,0,0,0,0,0,0.977899,2,1,0,2,2,0,1,0
498,498,497,499,515,516,0,0,0,0,0,0,0,0,0.977899,2,1,0,2,2,0,1,0
499,499,498,500,516,517,0,0,0,0,0,0,0,0,0.977899,2,1,0,2,2,0,1,0
500,500,499,501,517,518,0,0,0,0,0,0,0,0,0.977899,2,1,0,2,2,0,1,0
501,501,500,502,518,519,0,0,0,0,0,0,0,0,0.977899,2,1,0,2,2,0,1,0
502,502,501,503,519,520,0,0,0,0,0,0,0,0,0.977899,2,1,0,2,2,0,1,0
503,503,502,504,520,521,0,0,0,0,0,0,0,0,0.977899,2,1,0,2,2,0,1,0
504,504,503,505,521,522,0,0,0,0,0,0,0,0,0.977899,2,1,0,2,2,0,1,0
505,505,504,506,522,523,0,0,0,0,0,0,0,0,0.977899,2,1,0,2,2,0,1,0
506,506,505,507,523,524,0,0,0,0,0,0,0,0,0.977899,2,1,0,2,2,0,1,0
507,507,506,508,524,525,0,0,0,0,0,0,0,0,0.977899,2,1,0,2,2,0,1,0
508,508,507,509,525,526,0,0,0,0,0,0,0,0,0.977899,2,1,0,2,2,0,1,0
509,509,508,510,526,527,0,0,0,0,0,0,0,0,0.977899,2,1,0,2,2,0,1,0
510,510,509,511,527,528,0,0,0,0,0,0,0,0,0.977899,2,1,0,2,2,0,1,0
511,511,510,512,528,529,0,0,0,0,0,0,0,0,0.977899,2,1,0,2,2,0,1,0
512,512,511,513,529,530,0,0,0,0,0,0,0,0,0.977899,2,1,0,2,2,0,1,0
513,513,512,514,530,531,0,0,0,0,0,0,0,0,0.977899,2,1,0,2,2,0,1,0
514,514,513,586,531,532,0,0,0,0,885,0,0,0,0.977899,2,1,0,2,2,0,1,0
515,515,0,516,533,534,0,0,0,0,0,0,0,0,0.980977,2,1,0,2,2,0,1,0
516,516,515,517,534,535,0,0,0,0,0,0,0,0,0.980977,2,1,0,2,2,0,1,0
517,517,516,518,535,536,0,0,0,0,0,0,0,0,0.980977,2,1,0,2,2,0,1,0
518,518,517,519,536,537,0,0,0,0,0,0,0,0,0.980977,2,1,0,2,2,0,1,0
519,519,518,520,537,538,0,0,0,0,0,0,0,0,0.980977,2,1,0,2,2,0,1,0
520,520,519,521,538,539,0,0,0,0,0,0,0,0,0.980977,2,1,0,2,2,0,1,0
521,521,520,522,539,540,0,0,0,0,0,0,0,0,0.980977,2,1,0,2,2,0,1,0
522,522,521,523,540,541,0,0,0,0,0,0,0,0,0.980977,2,1,0,2,2,0,1,0
523,523,522,524,541,542,0,0,0,0,0,0,0,0,0.980977,2,1,0,2,2,0,1,0
524,524,523,525,542,543,0,0,0,0,0,0,0,0,0.980977,2,1,0,2,2,0,1,0
525,525,524,526,543,544,0,0,0,0,0,0,0,0,0.980977,2,1,0,2,2,0,1,0
526,526,525,527,544,545,0,0,0,0,0,0,0,0,0.980977,2,1,0,2,2,0,1,0
527,527,526,528,545,546,0,0,0,0,0,0,0,0,0.980977,2,1,0,2,2,0,1,0
528,528,527,529,546,547,0,0,0,0,0,0,0,0,0.980977,2,1,0,2,2,0,1,0
529,529,528,530,547,548,0,0,0,0,0,0,0,0,0.980977,2,1,0,2,2,0,1,0
530,530,529,531,548,549,0,0,0,0,0,0,0,0,0.980977,2,1,0,2,2,0,1,0
531,531,530,532,549,550,0,0,0,0,0,0,0,0,0.980977,2,1,0,2,2,0,1,0
532,532,531,533,550,551,0,0,0,0,0,0,0,0,0.980977,2,1,0,2,2,0,1,0
533,533,532,534,551,552,0,0,0,0,0,0,0,0,0.980977,2,1,0,2,2,0,1,0
534,534,533,535,552,553,0,0,0,0,0,0,0,0,0.980977,2,1,0,2,2,0,1,0
535,535,534,536,553,554,0,0,0,0,0,0,0,0,0.980977,2,1,0,2,2,0,1,0
536,536,535,537,554,555,0,0,0,0,0,0,0,0,0.980977,2,1,0,2,2,0,1,0
537,537,536,538,555,556,0,0,0,0,0,0,0,0,0.980977,2,1,0,2,2,0,1,0
538,538,537,539,556,557,0,0,0,0,0,0,0,0,0.980977,2,1,0,2,2,0,1,0
539,539,538,540,557,558,0,0,0,0,0,0,0,0,0.980977,2,1,0,2,2,0,1,0
540,540,539,541,558,559,0,0,0,0,0,0,0,0,0.980977,2,1,0,2,2,0,1,0
541,541,540,542,559,560,0,0,0,0,0,0,0,0,0.980977,2,1,0,2,2,0,1,0
542,542,541,543,560,561,0,0,0,0,0,0,0,0,0.980977,2,1,0,2,2,0,1,0
543,543,542,544,561,562,0,0,0,0,0,0,0,0,0.980977,2,1,0,2,2,0,1,0
544,544,543,545,562,563,0,0,0,0,0,0,0,0,0.980977,2,1,0,2,2,0,1,0
545,545,544,546,563,564,0,0,0,0,0,0,0,0,0.980977,2,1,0,2,2,0,1,0
546,546,545,547,564,565,0,0,0,0,0,0,0,0,0.980977,2,1,0,2,2,0,1,0
547,547,546,548,565,566,0,0,0,0,0,0,0,0,0.980977,2,1,0,2,2,0,1,0
548,548,547,549,566,567,0,0,0,0,0,0,0,0,0.980977,2,1,0,2,2,0,1,0
549,549,548,550,567,568,0,0,0,0,0,0,0,0,0.980977,2,1,0,2,2,0,1,0
550,550,549,551,568,569,0,0,0,0,0,0,0,0,0.980977,2,1,0,2,2,0,1,0
551,551,550,552,569,570,0,0,0,0,0,0,0,0,0.980977,2,1,0,2,2,0,1,0
552,552,551,553,570,571,0,0,0,0,0,0,0,0,0.980977,2,1,0,2,2,0,1,0
553,553,552,554,571,572,0,0,0,0,0,0,0,0,0.980977,2,1,0,2,2,0,1,0
554,554,553,555,572,573,0,0,0,0,0,0,0,0,0.980977,2,1,0,2,2,0,1,0
555,555,554,556,573,574,0,0,0,0,0,0,0,0,0.980977,2,1,0,2,2,0,1,0
556,556,555,557,574,575,0,0,0,0,0,0,0,0,0.980977,2,1,0,2,2,0,1,0
557,557,556,558,575,576,0,0,0,0,0,0,0,0,0.980977,2,1,0,2,2,0,1,0
558,558,557,559,576,577,0,0,0,0,0,0,0,0,0.980977,2,1,0,2,2,0,1,0
559,559,558,560,577,578,0,0,0,0,0,0,0,0,0.980977,2,1,0,2,2,0,1,0
560,560,559,561,578,579,0,0,0,0,0,0,0,0,0.980977,2,1,0,2,2,0,1,0
561,561,560,562,579,580,0,0,0,0,0,0,0,0,0.980977,2,1,0,2,2,0,1,0
562,562,561,264,580,581,0,0,0,0,821,0,0,0,0.980977,2,1,0,2,2,0,1,0
563,563,177,564,582,583,0,0,0,0,0,0,0,0,0.976641,2,1,0,2,2,0,1,0
564,564,563,565,583,584,0,0,0,0,0,0,0,0,0.976641,2,1,0,2,2,0,1,0
565,565,564,566,584,585,0,0,0,0,0,0,0,0,0.976641,2,1,0,2,2,0,1,0
566,566,565,567,585,586,0,0,0,0,0,0,0,0,0.976641,2,1,0,2,2,0,1,0
567,567,566,568,586,587,0,0,0,0,0,0,0,0,0.976641,2,1,0,2,2,0,1,0
568,568,567,569,587,588,0,0,0,0,0,0,0,0,0.976641,2,1,0,2,2,0,1,0
569,569,568,570,588,589,0,0,0,0,0,0,0,0,0.976641,2,1,0,2,2,0,1,0
570,570,569,571,589,590,0,0,0,0,0,0,0,0,0.976641,2,1,0,2,2,0,1,0
571,571,570,572,590,591,0,0,0,0,0,0,0,0,0.976641,2,1,0,2,2,0,1,0
572,572,571,573,591,592,0,0,0,0,0,0,0,0,0.976641,2,1,0,2,2,0,1,0
573,573,572,574,592,593,0,0,0,0,0,0,0,0,0.976641,2,1,0,2,2,0,1,0
574,574,573,575,593,594,0,0,0,0,0,0,0,0,0.976641,2,1,0,2,2,0,1,0
575,575,574,576,594,595,0,0,0,0,0,0,0,0,0.976641,2,1,0,2,2,0,1,0
576,576,575,577,595,596,0,0,0,0,0,0,0,0,0.976641,2,1,0,2,2,0,1,0
577,577,576,578,596,597,0,0,0,0,0,0,0,0,0.976641,2,1,0,2,2,0,1,0
578,578,577,579,597,598,0,0,0,0,0,0,0,0,0.976641,2,1,0,2,2,0,1,0
579,579,578,580,598,599,0,0,0,0,0,0,0,0,0.976641,2,1,0,2,2,0,1,0
580,580,579,581,599,600,0,0,0,0,0,0,0,0,0.976641,2,1,0,2,2,0,1,0
581,581,580,582,600,601,0,0,0,0,0,0,0,0,0.976641,2,1,0,2,2,0,1,0
582,582,581,583,601,602,0,0,0,0,0,0,0,0,0.976641,2,1,0,2,2,0,1,0
583,583,582,584,602,603,0,0,0,0,0,0,0,0,0.976641,2,1,0,2,2,0,1,0
584,584,583,585,603,604,0,0,0,0,0,0,0,0,0.976641,2,1,0,2,2,0,1,0
585,585,584,0,604,605,0,0,0,0,0,0,0,0,0.976641,2,1,0,2,2,0,1,0
586,586,514,587,606,607,0,0,0,0,0,0,0,0,0.970656,2,1,0,2,2,0,1,0
587,587,586,588,607,608,0,0,0,0,0,0,0,0,0.970656,2,1,0,2,2,0,1,0
588,588,587,589,608,609,0,0,0,0,0,0,0,0,0.970656,2,1,0,2,2,0,1,0
589,589,588,590,609,610,0,0,0,0,0,0,0,0,0.970656,2,1,0,2,2,0,1,0
590,590,589,591,610,611,0,0,0,0,0,0,0,0,0.970656,2,1,0,2,2,0,1,0
591,591,590,592,611,612,0,0,0,0,0,0,0,0,0.970656,2,1,0,2,2,0,1,0
592,592,591,593,612,613,0,0,0,0,0,0,0,0,0.970656,2,1,0,2,2,0,1,0
593,593,592,594,613,614,0,0,0,0,0,0,0,0,0.970656,2,1,0,2,2,0,1,0
594,594,593,595,614,615,0,0,0,0,0,0,0,0,0.970656,2,1,0,2,2,0,1,0
595,595,594,596,615,616,0,0,0,0,0,0,0,0,0.970656,2,1,0,2,2,0,1,0
596,596,595,597,616,617,0,0,0,0,0,0,0,0,0.970656,2,1,0,2,2,0,1,0
597,597,596,598,617,618,0,0,0,0,0,0,0,0,0.970656,2,1,0,2,2,0,1,0
598,598,597,599,618,619,0,0,0,0,0,0,0,0,0.970656,2,1,0,2,2,0,1,0
599,599,598,600,619,620,0,0,0,0,0,0,0,0,0.970656,2,1,0,2,2,0,1,0
600,600,599,601,620,621,0,0,0,0,0,0,0,0,0.970656,2,1,0,2,2,0,1,0
601,601,600,602,621,622,0,0,0,0,0,0,0,0,0.970656,2,1,0,2,2,0,1,0
602,602,601,603,622,623,0,0,0,0,0,0,0,0,0.970656,2,1,0,2,2,0,1,0
603,603,602,604,623,624,0,0,0,0,0,0,0,0,0.970656,2,1,0,2,2,0,1,0
604,604,603,605,624,625,0,0,0,0,0,0,0,0,0.970644,2,1,0,2,2,0,1,0
605,605,604,606,625,626,0,0,0,0,0,0,0,0,0.970639,2,1,0,2,2,0,1,0
606,606,605,607,626,627,0,0,0,0,0,0,0,0,0.970639,2,1,0,2,2,0,1,0
607,607,606,608,627,628,0,0,0,0,0,0,0,0,0.97064,2,1,0,2,2,0,1,0
608,608,607,609,628,629,0,0,0,0,0,0,0,0,0.97064,2,1,0,2,2,0,1,0
609,609,608,610,629,630,0,0,0,0,0,0,0,0,0.970641,2,1,0,2,2,0,1,0
610,610,609,611,630,631,0,0,0,0,0,0,0,0,0.970642,2,1,0,2,2,0,1,0
611,611,610,612,631,632,0,0,0,0,0,0,0,0,0.970642,2,1,0,2,2,0,1,0
612,612,611,613,632,633,0,0,0,0,0,0,0,0,0.970643,2,1,0,2,2,0,1,0
613,613,612,614,633,634,0,0,0,0,0,0,0,0,0.970644,2,1,0,2,2,0,1,0
614,614,613,615,634,635,0,0,0,0,0,0,0,0,0.970645,2,1,0,2,2,0,1,0
615,615,614,616,635,636,0,0,0,0,0,0,0,0,0.970646,2,1,0,2,2,0,1,0
616,616,615,315,636,637,0,0,0,0,0,0,0,0,0.970647,2,1,0,2,2,0,1,0
617,617,0,618,638,639,0,0,0,0,0,0,0,0,0.986017,2,1,0,2,2,0,1,0
618,618,617,619,639,640,0,0,0,0,0,0,0,0,0.986017,2,1,0,2,2,0,1,0
619,619,618,620,640,641,0,0,0,0,0,0,0,0,0.986017,2,1,0,2,2,0,1,0
620,620,619,621,641,642,0,0,0,0,0,0,0,0,0.986017,2,1,0,2,2,0,1,0
621,621,620,622,642,643,0,0,0,0,0,0,0,0,0.986017,2,1,0,2,2,0,1,0
622,622,621,623,643,644,0,0,0,0,0,0,0,0,0.986017,2,1,0,2,2,0,1,0
623,623,622,624,644,645,0,0,0,0,0,0,0,0,0.986017,2,1,0,2,2,0,1,0
624,624,623,625,645,646,0,0,0,0,0,0,0,0,0.986017,2,1,0,2,2,0,1,0
625,625,624,626,646,647,0,0,0,0,0,0,0,0,0.986017,2,1,0,2,2,0,1,0
626,626,625,627,647,648,0,0,0,0,0,0,0,0,0.986017,2,1,0,2,2,0,1,0
627,627,626,628,648,649,0,0,0,0,0,0,0,0,0.986017,2,1,0,2,2,0,1,0
628,628,627,629,649,650,0,0,0,0,0,0,0,0,0.986017,2,1,0,2,2,0,1,0
629,629,628,630,650,651,0,0,0,0,0,0,0,0,0.986017,2,1,0,2,2,0,1,0
630,630,629,631,651,652,0,0,0,0,0,0,0,0,0.986017,2,1,0,2,2,0,1,0
631,631,630,632,652,653,0,0,0,0,0,0,0,0,0.986017,2,1,0,2,2,0,1,0
632,632,631,633,653,654,0,0,0,0,0,0,0,0,0.986017,2,1,0,2,2,0,1,0
633,633,632,634,654,655,0,0,0,0,0,0,0,0,0.986017,2,1,0,2,2,0,1,0
634,634,633,635,655,656,0,0,0,0,0,0,0,0,0.986017,2,1,0,2,2,0,1,0
635,635,634,636,656,657,0,0,0,0,0,0,0,0,0.986017,2,1,0,2,2,0,1,0
636,636,635,637,657,658,0,0,0,0,0,0,0,0,0.986017,2,1,0,2,2,0,1,0
637,637,636,638,658,659,0,0,0,0,0,0,0,0,0.986017,2,1,0,2,2,0,1,0
638,638,637,639,659,660,0,0,0,0,0,0,0,0,0.986017,2,1,0,2,2,0,1,0
639,639,638,640,660,661,0,0,0,0,0,0,0,0,0.986017,2,1,0,2,2,0,1,0
640,640,639,641,661,662,0,0,0,0,0,0,0,0,0.986017,2,1,0,2,2,0,1,0
641,641,640,642,662,663,0,0,0,0,0,0,0,0,0.986017,2,1,0,2,2,0,1,0
642,642,641,643,663,664,0,0,0,0,0,0,0,0,0.986017,2,1,0,2,2,0,1,0
643,643,642,644,664,665,0,0,0,0,0,0,0,0,0.986017,2,1,0,2,2,0,1,0
644,644,643,645,665,666,0,0,0,0,0,0,0,0,0.986017,2,1,0,2,2,0,1,0
645,645,644,646,666,667,0,0,0,0,0,0,0,0,0.986017,2,1,0,2,2,0,1,0
646,646,645,647,667,668,0,0,0,0,0,0,0,0,0.986017,2,1,0,2,2,0,1,0
647,647,646,648,668,669,0,0,0,0,0,0,0,0,0.986017,2,1,0,2,2,0,1,0
648,648,647,119,669,670,0,0,0,0,736,0,0,0,0.986017,2,1,0,2,2,0,1,0
649,649,0,650,671,672,0,0,0,0,0,0,0,0,0.994701,2,1,0,2,2,0,1,0
650,650,649,651,672,673,0,0,0,0,0,0,0,0,0.994701,2,1,0,2,2,0,1,0
651,651,650,652,673,674,0,0,0,0,0,0,0,0,0.994701,2,1,0,2,2,0,1,0
652,652,651,653,674,675,0,0,0,0,0,0,0,0,0.994701,2,1,0,2,2,0,1,0
653,653,652,654,675,676,0,0,0,0,0,0,0,0,0.994701,2,1,0,2,2,0,1,0
654,654,653,655,676,677,0,0,0,0,0,0,0,0,0.994701,2,1,0,2,2,0,1,0
655,655,654,656,677,678,0,0,0,0,0,0,0,0,0.994701,2,1,0,2,2,0,1,0
656,656,655,657,678,679,0,0,0,0,0,0,0,0,0.994701,2,1,0,2,2,0,1,0
657,657,656,658,679,680,0,0,0,0,0,0,0,0,0.994701,2,1,0,2,2,0,1,0
658,658,657,659,680,681,0,0,0,0,0,0,0,0,0.994701,2,1,0,2,2,0,1,0
659,659,658,660,681,682,0,0,0,0,0,0,0,0,0.994701,2,1,0,2,2,0,1,0
660,660,659,661,682,683,0,0,0,0,0,0,0,0,0.994701,2,1,0,2,2,0,1,0
661,661,660,662,683,684,0,0,0,0,0,0,0,0,0.994701,2,1,0,2,2,0,1,0
662,662,661,663,684,685,0,0,0,0,0,0,0,0,0.994701,2,1,0,2,2,0,1,0
663,663,662,664,685,686,0,0,0,0,0,0,0,0,0.994701,2,1,0,2,2,0,1,0
664,664,663,665,686,687,0,0,0,0,0,0,0,0,0.994701,2,1,0,2,2,0,1,0
665,665,664,666,687,688,0,0,0,0,0,0,0,0,0.994701,2,1,0,2,2,0,1,0
666,666,665,667,688,689,0,0,0,0,0,0,0,0,0.994701,2,1,0,2,2,0,1,0
667,667,666,668,689,690,0,0,0,0,0,0,0,0,0.994701,2,1,0,2,2,0,1,0
668,668,667,669,690,691,0,0,0,0,0,0,0,0,0.994701,2,1,0,2,2,0,1,0
669,669,668,670,691,692,0,0,0,0,0,0,0,0,0.994701,2,1,0,2,2,0,1,0
670,670,669,671,692,693,0,0,0,0,0,0,0,0,0.994701,2,1,0,2,2,0,1,0
671,671,670,843,693,694,0,0,0,0,0,0,0,0,0.994701,2,1,0,2,2,0,1,0
672,672,0,673,695,696,0,0,0,0,0,0,0,0,0.974585,2,1,0,2,2,0,1,0
673,673,672,674,696,697,0,0,0,0,0,0,0,0,0.974585,2,1,0,2,2,0,1,0
674,674,673,675,697,698,0,0,0,0,0,0,0,0,0.974585,2,1,0,2,2,0,1,0
675,675,674,676,698,699,0,0,0,0,0,0,0,0,0.974585,2,1,0,2,2,0,1,0
676,676,675,677,699,700,0,0,0,0,0,0,0,0,0.974585,2,1,0,2,2,0,1,0
677,677,676,678,700,701,0,0,0,0,0,0,0,0,0.974585,2,1,0,2,2,0,1,0
678,678,677,679,701,702,0,0,0,0,0,0,0,0,0.974585,2,1,0,2,2,0,1,0
679,679,678,680,702,703,0,0,0,0,0,0,0,0,0.974585,2,1,0,2,2,0,1,0
680,680,679,681,703,704,0,0,0,0,0,0,0,0,0.974585,2,1,0,2,2,0,1,0
681,681,680,682,704,705,0,0,0,0,0,0,0,0,0.974585,2,1,0,2,2,0,1,0
682,682,681,683,705,706,0,0,0,0,0,0,0,0,0.974585,2,1,0,2,2,0,1,0
683,683,682,684,706,707,0,0,0,0,0,0,0,0,0.974585,2,1,0,2,2,0,1,0
684,684,683,685,707,708,0,0,0,0,0,0,0,0,0.974585,2,1,0,2,2,0,1,0
685,685,684,686,708,709,0,0,0,0,0,0,0,0,0.974585,2,1,0,2,2,0,1,0
686,686,685,687,709,710,0,0,0,0,0,0,0,0,0.974585,2,1,0,2,2,0,1,0
687,687,686,688,710,711,0,0,0,0,0,0,0,0,0.974585,2,1,0,2,2,0,1,0
688,688,687,689,711,712,0,0,0,0,0,0,0,0,0.974585,2,1,0,2,2,0,1,0
689,689,688,690,712,713,0,0,0,0,0,0,0,0,0.974585,2,1,0,2,2,0,1,0
690,690,689,691,713,714,0,0,0,0,0,0,0,0,0.974585,2,1,0,2,2,0,1,0
691,691,690,692,714,715,0,0,0,0,0,0,0,0,0.974585,2,1,0,2,2,0,1,0
692,692,691,693,715,716,0,0,0,0,0,0,0,0,0.974585,2,1,0,2,2,0,1,0
693,693,692,694,716,717,0,0,0,0,0,0,0,0,0.974585,2,1,0,2,2,0,1,0
694,694,693,695,717,718,0,0,0,0,0,0,0,0,0.974585,2,1,0,2,2,0,1,0
695,695,694,696,718,719,0,0,0,0,0,0,0,0,0.974585,2,1,0,2,2,0,1,0
696,696,695,697,719,720,0,0,0,0,0,0,0,0,0.974585,2,1,0,2,2,0,1,0
697,697,696,698,720,721,0,0,0,0,0,0,0,0,0.974585,2,1,0,2,2,0,1,0
698,698,697,699,721,722,0,0,0,0,0,0,0,0,0.974585,2,1,0,2,2,0,1,0
699,699,698,700,722,723,0,0,0,0,0,0,0,0,0.974585,2,1,0,2,2,0,1,0
700,700,699,701,723,724,0,0,0,0,0,0,0,0,0.974585,2,1,0,2,2,0,1,0
701,701,700,702,724,725,0,0,0,0,0,0,0,0,0.974585,2,1,0,2,2,0,1,0
702,702,701,703,725,726,0,0,0,0,0,0,0,0,0.974585,2,1,0,2,2,0,1,0
703,703,702,704,726,727,0,0,0,0,0,0,0,0,0.974585,2,1,0,2,2,0,1,0
704,704,703,705,727,728,0,0,0,0,0,0,0,0,0.974585,2,1,0,2,2,0,1,0
705,705,704,706,728,729,0,0,0,0,0,0,0,0,0.974585,2,1,0,2,2,0,1,0
706,706,705,792,729,730,0,0,0,0,923,0,0,0,0.974585,2,1,0,2,2,0,1,0
707,707,44,708,731,732,0,884,0,0,0,0,0,0,0.975077,2,1,0,2,2,0,1,0
708,708,707,709,732,733,0,0,0,0,0,0,0,0,0.975077,2,1,0,2,2,0,1,0
709,709,708,710,733,734,0,0,0,0,0,0,0,0,0.975077,2,1,0,2,2,0,1,0
710,710,709,711,734,735,0,0,0,0,0,0,0,0,0.975077,2,1,0,2,2,0,1,0
711,711,710,712,735,736,0,0,0,0,0,0,0,0,0.975077,2,1,0,2,2,0,1,0
712,712,711,713,736,737,0,0,0,0,0,0,0,0,0.975077,2,1,0,2,2,0,1,0
713,713,712,714,737,738,0,0,0,0,0,0,0,0,0.975077,2,1,0,2,2,0,1,0
714,714,713,715,738,739,0,0,0,0,0,0,0,0,0.975077,2,1,0,2,2,0,1,0
715,715,714,716,739,740,0,0,0,0,0,0,0,0,0.975077,2,1,0,2,2,0,1,0
716,716,715,717,740,741,0,0,0,0,0,0,0,0,0.975077,2,1,0,2,2,0,1,0
717,717,716,718,741,742,0,0,0,0,0,0,0,0,0.975077,2,1,0,2,2,0,1,0
718,718,717,719,742,743,0,0,0,0,0,0,0,0,0.975077,2,1,0,2,2,0,1,0
719,719,718,720,743,744,0,0,0,0,0,0,0,0,0.975077,2,1,0,2,2,0,1,0
720,720,719,721,744,745,0,0,0,0,0,0,0,0,0.975077,2,1,0,2,2,0,1,0
721,721,720,722,745,746,0,0,0,0,0,0,0,0,0.975077,2,1,0,2,2,0,1,0
722,722,721,723,746,747,0,0,0,0,0,0,0,0,0.975077,2,1,0,2,2,0,1,0
723,723,722,724,747,748,0,0,0,0,0,0,0,0,0.975077,2,1,0,2,2,0,1,0
724,724,723,725,748,749,0,0,0,0,0,0,0,0,0.975077,2,1,0,2,2,0,1,0
725,725,724,726,749,750,0,0,0,0,0,0,0,0,0.975077,2,1,0,2,2,0,1,0
726,726,725,727,750,751,0,0,0,0,0,0,0,0,0.975077,2,1,0,2,2,0,1,0
727,727,726,728,751,752,0,0,0,0,0,0,0,0,0.975077,2,1,0,2,2,0,1,0
728,728,727,729,752,753,0,0,0,0,0,0,0,0,0.975077,2,1,0,2,2,0,1,0
729,729,728,730,753,754,0,0,0,0,0,0,0,0,0.975077,2,1,0,2,2,0,1,0
730,730,729,731,754,755,0,0,0,0,0,0,0,0,0.975077,2,1,0,2,2,0,1,0
731,731,730,732,755,756,0,0,0,0,0,0,0,0,0.975077,2,1,0,2,2,0,1,0
732,732,731,733,756,757,0,0,0,0,0,0,0,0,0.975077,2,1,0,2,2,0,1,0
733,733,732,734,757,758,0,0,0,0,0,0,0,0,0.975077,2,1,0,2,2,0,1,0
734,734,733,735,758,759,0,0,0,0,0,0,0,0,0.975077,2,1,0,2,2,0,1,0
735,735,734,0,759,760,0,0,0,0,0,0,0,0,0.975077,2,1,0,2,2,0,1,0
736,736,648,737,761,762,0,0,0,0,0,0,0,0,0.954638,2,1,0,2,2,0,1,0
737,737,736,738,762,763,0,0,0,0,0,0,0,0,0.954616,2,1,0,2,2,0,1,0
738,738,737,739,763,764,0,0,0,0,0,0,0,0,0.954604,2,1,0,2,2,0,1,0
739,739,738,740,764,765,0,0,0,0,0,0,0,0,0.954605,2,1,0,2,2,0,1,0
740,740,739,741,765,766,0,0,0,0,0,0,0,0,0.954607,2,1,0,2,2,0,1,0
741,741,740,742,766,767,0,0,0,0,0,0,0,0,0.954609,2,1,0,2,2,0,1,0
742,742,741,743,767,768,0,0,0,0,0,0,0,0,0.954612,2,1,0,2,2,0,1,0
743,743,742,744,768,769,0,0,0,0,0,0,0,0,0.954615,2,1,0,2,2,0,1,0
744,744,743,745,769,770,0,0,0,0,0,0,0,0,0.954617,2,1,0,2,2,0,1,0
745,745,744,746,770,771,0,0,0,0,0,0,0,0,0.954617,2,1,0,2,2,0,1,0
746,746,745,747,771,772,0,0,0,0,0,0,0,0,0.954616,2,1,0,2,2,0,1,0
747,747,746,748,772,773,0,0,0,0,0,0,0,0,0.954613,2,1,0,2,2,0,1,0
748,748,747,749,773,774,0,0,0,0,0,0,0,0,0.95461,2,1,0,2,2,0,1,0
749,749,748,750,774,775,0,0,0,0,0,0,0,0,0.954607,2,1,0,2,2,0,1,0
750,750,749,751,775,776,0,0,0,0,0,0,0,0,0.954606,2,1,0,2,2,0,1,0
751,751,750,752,776,777,0,0,0,0,0,0,0,0,0.954604,2,1,0,2,2,0,1,0
752,752,751,753,777,778,0,0,0,0,0,0,0,0,0.954603,2,1,0,2,2,0,1,0
753,753,752,754,778,779,0,0,0,0,0,0,0,0,0.954602,2,1,0,2,2,0,1,0
754,754,753,755,779,780,0,0,0,0,0,0,0,0,0.954602,2,1,0,2,2,0,1,0
755,755,754,756,780,781,0,0,0,0,0,0,0,0,0.954603,2,1,0,2,2,0,1,0
756,756,755,757,781,782,0,0,0,0,0,0,0,0,0.954603,2,1,0,2,2,0,1,0
757,757,756,758,782,783,0,0,0,0,0,0,0,0,0.954606,2,1,0,2,2,0,1,0
758,758,757,759,783,784,0,0,0,0,0,0,0,0,0.954607,2,1,0,2,2,0,1,0
759,759,758,760,784,785,0,0,0,0,0,0,0,0,0.954609,2,1,0,2,2,0,1,0
760,760,759,761,785,786,0,0,0,0,0,0,0,0,0.954613,2,1,0,2,2,0,1,0
761,761,760,762,786,787,0,0,0,0,0,0,0,0,0.954616,2,1,0,2,2,0,1,0
762,762,761,221,787,788,0,0,0,0,0,0,0,0,0.95462,2,1,0,2,2,0,1,0
763,763,0,764,789,790,0,0,0,0,0,0,0,0,0.975077,2,1,0,2,2,0,1,0
764,764,763,765,790,791,0,0,0,0,0,0,0,0,0.975077,2,1,0,2,2,0,1,0
765,765,764,766,791,792,0,0,0,0,0,0,0,0,0.975077,2,1,0,2,2,0,1,0
766,766,765,767,792,793,0,0,0,0,0,0,0,0,0.975077,2,1,0,2,2,0,1,0
767,767,766,768,793,794,0,0,0,0,0,0,0,0,0.975077,2,1,0,2,2,0,1,0
768,768,767,769,794,795,0,0,0,0,0,0,0,0,0.975077,2,1,0,2,2,0,1,0
769,769,768,770,795,796,0,0,0,0,0,0,0,0,0.975077,2,1,0,2,2,0,1,0
770,770,769,771,796,797,0,0,0,0,0,0,0,0,0.975077,2,1,0,2,2,0,1,0
771,771,770,772,797,798,0,0,0,0,0,0,0,0,0.975077,2,1,0,2,2,0,1,0
772,772,771,773,798,799,0,0,0,0,0,0,0,0,0.975077,2,1,0,2,2,0,1,0
773,773,772,774,799,800,0,0,0,0,0,0,0,0,0.975077,2,1,0,2,2,0,1,0
774,774,773,775,800,801,0,0,0,0,0,0,0,0,0.975077,2,1,0,2,2,0,1,0
775,775,774,776,801,802,0,0,0,0,0,0,0,0,0.975077,2,1,0,2,2,0,1,0
776,776,775,777,802,803,0,0,0,0,0,0,0,0,0.975077,2,1,0,2,2,0,1,0
777,777,776,778,803,804,0,0,0,0,0,0,0,0,0.975077,2,1,0,2,2,0,1,0
778,778,777,779,804,805,0,0,0,0,0,0,0,0,0.975077,2,1,0,2,2,0,1,0
779,779,778,780,805,806,0,0,0,0,0,0,0,0,0.975077,2,1,0,2,2,0,1,0
780,780,779,781,806,807,0,0,0,0,0,0,0,0,0.975077,2,1,0,2,2,0,1,0
781,781,780,782,807,808,0,0,0,0,0,0,0,0,0.975077,2,1,0,2,2,0,1,0
782,782,781,783,808,809,0,0,0,0,0,0,0,0,0.975077,2,1,0,2,2,0,1,0
783,783,782,784,809,810,0,0,0,0,0,0,0,0,0.975077,2,1,0,2,2,0,1,0
784,784,783,785,810,811,0,0,0,0,0,0,0,0,0.975077,2,1,0,2,2,0,1,0
785,785,784,786,811,812,0,0,0,0,0,0,0,0,0.975077,2,1,0,2,2,0,1,0
786,786,785,787,812,813,0,0,0,0,0,0,0,0,0.975077,2,1,0,2,2,0,1,0
787,787,786,788,813,814,0,0,0,0,0,0,0,0,0.975077,2,1,0,2,2,0,1,0
788,788,787,789,814,815,0,0,0,0,0,0,0,0,0.975077,2,1,0,2,2,0,1,0
789,789,788,790,815,816,0,0,0,0,0,0,0,0,0.975077,2,1,0,2,2,0,1,0
790,790,789,791,816,817,0,0,0,0,0,0,0,0,0.975077,2,1,0,2,2,0,1,0
791,791,790,427,817,818,0,0,0,0,0,0,0,0,0.975077,2,1,0,2,2,0,1,0
792,792,706,793,819,820,0,0,0,0,0,0,0,0,0.866263,2,1,0,2,2,0,1,0
793,793,792,794,820,821,0,0,0,0,0,0,0,0,0.866173,2,1,0,2,2,0,1,0
794,794,793,795,821,822,0,0,0,0,0,0,0,0,0.866173,2,1,0,2,2,0,1,0
795,795,794,796,822,823,0,0,0,0,0,0,0,0,0.866198,2,1,0,2,2,0,1,0
796,796,795,797,823,824,0,0,0,0,0,0,0,0,0.866176,2,1,0,2,2,0,1,0
797,797,796,798,824,825,0,0,0,0,0,0,0,0,0.86616,2,1,0,2,2,0,1,0
798,798,797,799,825,826,0,0,0,0,0,0,0,0,0.86615,2,1,0,2,2,0,1,0
799,799,798,800,826,827,0,0,0,0,0,0,0,0,0.866094,2,1,0,2,2,0,1,0
800,800,799,801,827,828,0,0,0,0,0,0,0,0,0.865965,2,1,0,2,2,0,1,0
801,801,800,802,828,829,0,0,0,0,0,0,0,0,0.8664,2,1,0,2,2,0,1,0
802,802,801,803,829,830,0,0,0,0,0,0,0,0,0.8664,2,1,0,2,2,0,1,0
803,803,802,804,830,831,0,0,0,0,0,0,0,0,0.8664,2,1,0,2,2,0,1,0
804,804,803,805,831,832,0,0,0,0,0,0,0,0,0.8664,2,1,0,2,2,0,1,0
805,805,804,806,833,834,0,0,0,0,0,0,0,0,0.958689,2,1,0,2,2,0,1,0
806,806,805,807,834,835,0,0,0,0,0,0,0,0,0.958689,2,1,0,2,2,0,1,0
807,807,806,808,835,836,0,0,0,0,0,0,0,0,0.958689,2,1,0,2,2,0,1,0
808,808,807,809,836,837,0,0,0,0,0,0,0,0,0.958689,2,1,0,2,2,0,1,0
809,809,808,810,837,838,0,0,0,0,0,0,0,0,0.958689,2,1,0,2,2,0,1,0
810,810,809,811,838,839,0,0,0,0,0,0,0,0,0.958689,2,1,0,2,2,0,1,0
811,811,810,812,839,840,0,0,0,0,0,0,0,0,0.958689,2,1,0,2,2,0,1,0
812,812,811,813,840,841,0,0,0,0,0,0,0,0,0.958689,2,1,0,2,2,0,1,0
813,813,812,814,841,842,0,0,0,0,0,0,0,0,0.958689,2,1,0,2,2,0,1,0
814,814,813,815,842,843,0,0,0,0,0,0,0,0,0.958689,2,1,0,2,2,0,1,0
815,815,814,816,843,844,0,0,0,0,0,0,0,0,0.958689,2,1,0,2,2,0,1,0
816,816,815,817,844,845,0,0,0,0,0,0,0,0,0.958689,2,1,0,2,2,0,1,0
817,817,816,818,845,846,0,0,0,0,0,0,0,0,0.958689,2,1,0,2,2,0,1,0
818,818,817,819,846,847,0,0,0,0,0,0,0,0,0.958689,2,1,0,2,2,0,1,0
819,819,818,820,847,848,0,0,0,0,0,0,0,0,0.958689,2,1,0,2,2,0,1,0
820,820,819,163,848,849,0,0,0,0,0,0,0,0,0.958689,2,1,0,2,2,0,1,0
821,821,562,822,850,851,0,0,0,0,0,0,0,0,0.846416,2,1,0,2,2,0,1,0
822,822,821,823,851,852,0,0,0,0,0,0,0,0,0.846416,2,1,0,2,2,0,1,0
823,823,822,824,852,853,0,0,0,0,0,0,0,0,0.846416,2,1,0,2,2,0,1,0
824,824,823,825,853,854,0,0,0,0,0,0,0,0,0.846416,2,1,0,2,2,0,1,0
825,825,824,826,854,855,0,0,0,0,0,0,0,0,0.846416,2,1,0,2,2,0,1,0
826,826,825,827,855,856,0,0,0,0,0,0,0,0,0.846416,2,1,0,2,2,0,1,0
827,827,826,828,856,857,0,0,0,0,0,0,0,0,0.846416,2,1,0,2,2,0,1,0
828,828,827,829,857,858,0,0,0,0,0,0,0,0,0.846416,2,1,0,2,2,0,1,0
829,829,828,830,858,859,0,0,0,0,0,0,0,0,0.846416,2,1,0,2,2,0,1,0
830,830,829,831,859,860,0,0,0,0,0,0,0,0,0.846416,2,1,0,2,2,0,1,0
831,831,830,832,860,861,0,0,0,0,0,0,0,0,0.846416,2,1,0,2,2,0,1,0
832,832,831,833,861,862,0,0,0,0,0,0,0,0,0.843619,2,1,0,2,2,0,1,0
833,833,832,834,862,863,0,0,0,0,0,0,0,0,0.83733,2,1,0,2,2,0,1,0
834,834,833,835,863,864,0,0,0,0,0,0,0,0,0.827091,2,1,0,2,2,0,1,0
835,835,834,836,864,865,0,0,0,0,0,0,0,0,0.823384,2,1,0,2,2,0,1,0
836,836,835,837,865,866,0,0,0,0,0,0,0,0,0.829896,2,1,0,2,2,0,1,0
837,837,836,838,866,867,0,0,0,0,0,0,0,0,0.833489,2,1,0,2,2,0,1,0
838,838,837,839,867,868,0,0,0,0,0,0,0,0,0.837829,2,1,0,2,2,0,1,0
839,839,838,840,868,869,0,0,0,0,0,0,0,0,0.840205,2,1,0,2,2,0,1,0
840,840,839,841,869,870,0,0,0,0,0,0,0,0,0.842949,2,1,0,2,2,0,1,0
841,841,840,842,870,871,0,0,0,0,0,0,0,0,0.844238,2,1,0,2,2,0,1,0
842,842,841,315,871,872,0,0,0,0,0,0,0,0,0.845248,2,1,0,2,2,0,1,0
843,843,671,844,873,874,0,0,0,0,0,0,0,0,0.960593,2,1,0,2,2,0,1,0
844,844,843,845,874,875,0,0,0,0,0,0,0,0,0.960562,2,1,0,2,2,0,1,0
845,845,844,846,875,876,0,0,0,0,0,0,0,0,0.960535,2,1,0,2,2,0,1,0
846,846,845,847,876,877,0,0,0,0,0,0,0,0,0.960509,2,1,0,2,2,0,1,0
847,847,846,848,877,878,0,0,0,0,0,0,0,0,0.960485,2,1,0,2,2,0,1,0
848,848,847,849,878,879,0,0,0,0,0,0,0,0,0.960462,2,1,0,2,2,0,1,0
849,849,848,850,879,880,0,0,0,0,0,0,0,0,0.960441,2,1,0,2,2,0,1,0
850,850,849,851,880,881,0,0,0,0,0,0,0,0,0.960416,2,1,0,2,2,0,1,0
851,851,850,852,881,882,0,0,0,0,0,0,0,0,0.960361,2,1,0,2,2,0,1,0
852,852,851,853,882,883,0,0,0,0,0,0,0,0,0.960299,2,1,0,2,2,0,1,0
853,853,852,854,883,884,0,0,0,0,0,0,0,0,0.960236,2,1,0,2,2,0,1,0
854,854,853,855,884,885,0,0,0,0,0,0,0,0,0.960176,2,1,0,2,2,0,1,0
855,855,854,856,885,886,0,0,0,0,0,0,0,0,0.960116,2,1,0,2,2,0,1,0
856,856,855,857,886,887,0,0,0,0,0,0,0,0,0.960062,2,1,0,2,2,0,1,0
857,857,856,858,887,888,0,0,0,0,0,0,0,0,0.959901,2,1,0,2,2,0,1,0
858,858,857,859,888,889,0,0,0,0,0,0,0,0,0.96029,2,1,0,2,2,0,1,0
859,859,858,860,889,890,0,0,0,0,0,0,0,0,0.960646,2,1,0,2,2,0,1,0
860,860,859,861,890,891,0,0,0,0,0,0,0,0,0.960675,2,1,0,2,2,0,1,0
861,861,860,862,891,892,0,0,0,0,0,0,0,0,0.960675,2,1,0,2,2,0,1,0
862,862,861,863,892,893,0,0,0,0,0,0,0,0,0.960675,2,1,0,2,2,0,1,0
863,863,862,864,893,894,0,0,0,0,0,0,0,0,0.960675,2,1,0,2,2,0,1,0
864,864,863,865,894,895,0,0,0,0,0,0,0,0,0.960675,2,1,0,2,2,0,1,0
865,865,864,866,895,896,0,0,0,0,0,0,0,0,0.960675,2,1,0,2,2,0,1,0
866,866,865,867,896,897,0,0,0,0,0,0,0,0,0.960675,2,1,0,2,2,0,1,0
867,867,866,868,897,898,0,0,0,0,0,0,0,0,0.960675,2,1,0,2,2,0,1,0
868,868,867,869,898,899,0,0,0,0,0,0,0,0,0.960675,2,1,0,2,2,0,1,0
869,869,868,870,899,900,0,0,0,0,0,0,0,0,0.960675,2,1,0,2,2,0,1,0
870,870,869,871,900,901,0,0,0,0,0,0,0,0,0.960675,2,1,0,2,2,0,1,0
871,871,870,872,901,902,0,0,0,0,0,0,0,0,0.960675,2,1,0,2,2,0,1,0
872,872,871,873,902,903,0,0,0,0,0,0,0,0,0.960675,2,1,0,2,2,0,1,0
873,873,872,874,903,904,0,0,0,0,0,0,0,0,0.960675,2,1,0,2,2,0,1,0
874,874,873,875,904,905,0,0,0,0,0,0,0,0,0.960675,2,1,0,2,2,0,1,0
875,875,874,876,905,906,0,0,0,0,0,0,0,0,0.960675,2,1,0,2,2,0,1,0
876,876,875,877,906,907,0,0,0,0,0,0,0,0,0.960675,2,1,0,2,2,0,1,0
877,877,876,878,907,908,0,0,0,0,0,0,0,0,0.960675,2,1,0,2,2,0,1,0
878,878,877,879,908,909,0,0,0,0,0,0,0,0,0.960675,2,1,0,2,2,0,1,0
879,879,878,880,909,910,0,0,0,0,0,0,0,0,0.960675,2,1,0,2,2,0,1,0
880,880,879,881,910,911,0,0,0,0,0,0,0,0,0.960675,2,1,0,2,2,0,1,0
881,881,880,882,911,912,0,0,0,0,0,0,0,0,0.960675,2,1,0,2,2,0,1,0
882,882,881,883,912,913,0,0,0,0,0,0,0,0,0.960675,2,1,0,2,2,0,1,0
883,883,882,884,913,914,0,0,0,0,0,0,0,0,0.960675,2,1,0,2,2,0,1,0
884,884,883,707,914,915,0,0,0,0,0,0,0,0,0.960675,2,1,0,2,2,0,1,0
885,885,514,886,916,917,0,0,0,0,0,0,0,0,0.914391,2,1,0,2,2,0,1,0
886,886,885,887,917,918,0,0,0,0,0,0,0,0,0.913982,2,1,0,2,2,0,1,0
887,887,886,888,918,919,0,0,0,0,0,0,0,0,0.913636,2,1,0,2,2,0,1,0
888,888,887,889,919,920,0,0,0,0,0,0,0,0,0.913244,2,1,0,2,2,0,1,0
889,889,888,890,920,921,0,0,0,0,0,0,0,0,0.912384,2,1,0,2,2,0,1,0
890,890,889,891,921,922,0,0,0,0,0,0,0,0,0.911491,2,1,0,2,2,0,1,0
891,891,890,892,922,923,0,0,0,0,0,0,0,0,0.910726,2,1,0,2,2,0,1,0
892,892,891,893,923,924,0,0,0,0,0,0,0,0,0.909515,2,1,0,2,2,0,1,0
893,893,892,894,924,925,0,0,0,0,0,0,0,0,0.907856,2,1,0,2,2,0,1,0
894,894,893,895,925,926,0,0,0,0,0,0,0,0,0.906396,2,1,0,2,2,0,1,0
895,895,894,896,926,927,0,0,0,0,0,0,0,0,0.904729,2,1,0,2,2,0,1,0
896,896,895,897,927,928,0,0,0,0,0,0,0,0,0.902524,2,1,0,2,2,0,1,0
897,897,896,898,928,929,0,0,0,0,0,0,0,0,0.900539,2,1,0,2,2,0,1,0
898,898,897,899,929,930,0,0,0,0,0,0,0,0,0.898023,2,1,0,2,2,0,1,0
899,899,898,900,930,931,0,0,0,0,0,0,0,0,0.90035,2,1,0,2,2,0,1,0
900,900,899,901,931,932,0,0,0,0,0,0,0,0,0.90765,2,1,0,2,2,0,1,0
901,901,900,902,932,933,0,0,0,0,0,0,0,0,0.912652,2,1,0,2,2,0,1,0
902,902,901,903,933,934,0,0,0,0,0,0,0,0,0.914648,2,1,0,2,2,0,1,0
903,903,902,904,934,935,0,0,0,0,0,0,0,0,0.914956,2,1,0,2,2,0,1,0
904,904,903,905,935,936,0,0,0,0,0,0,0,0,0.914956,2,1,0,2,2,0,1,0
905,905,904,906,936,937,0,0,0,0,0,0,0,0,0.914956,2,1,0,2,2,0,1,0
906,906,905,907,937,938,0,0,0,0,0,0,0,0,0.914956,2,1,0,2,2,0,1,0
907,907,906,908,938,939,0,0,0,0,0,0,0,0,0.914956,2,1,0,2,2,0,1,0
908,908,907,909,939,940,0,0,0,0,0,0,0,0,0.914956,2,1,0,2,2,0,1,0
909,909,908,910,940,941,0,0,0,0,0,0,0,0,0.914956,2,1,0,2,2,0,1,0
910,910,909,911,941,942,0,0,0,0,0,0,0,0,0.914956,2,1,0,2,2,0,1,0
911,911,910,912,942,943,0,0,0,0,0,0,0,0,0.914956,2,1,0,2,2,0,1,0
912,912,911,913,943,944,0,0,0,0,0,0,0,0,0.914956,2,1,0,2,2,0,1,0
913,913,912,914,944,945,0,0,0,0,0,0,0,0,0.914956,2,1,0,2,2,0,1,0
914,914,913,915,945,946,0,0,0,0,0,0,0,0,0.914956,2,1,0,2,2,0,1,0
915,915,914,916,946,947,0,0,0,0,0,0,0,0,0.914956,2,1,0,2,2,0,1,0
916,916,915,917,947,948,0,0,0,0,0,0,0,0,0.914956,2,1,0,2,2,0,1,0
917,917,916,918,948,949,0,0,0,0,0,0,0,0,0.914956,2,1,0,2,2,0,1,0
918,918,917,919,949,950,0,0,0,0,0,0,0,0,0.914956,2,1,0,2,2,0,1,0
919,919,918,920,950,951,0,0,0,0,0,0,0,0,0.914956,2,1,0,2,2,0,1,0
920,920,919,921,951,952,0,0,0,0,0,0,0,0,0.914956,2,1,0,2,2,0,1,0
921,921,920,922,952,953,0,0,0,0,0,0,0,0,0.914956,2,1,0,2,2,0,1,0
922,922,921,198,953,954,0,0,0,0,0,0,0,0,0.914956,2,1,0,2,2,0,1,0
923,923,706,924,955,956,0,0,0,0,0,0,0,0,0.960221,2,1,0,2,2,0,1,0
924,924,923,925,956,957,0,0,0,0,0,0,0,0,0.960219,2,1,0,2,2,0,1,0
925,925,924,926,957,958,0,0,0,0,0,0,0,0,0.960217,2,1,0,2,2,0,1,0
926,926,925,927,958,959,0,0,0,0,0,0,0,0,0.960216,2,1,0,2,2,0,1,0
927,927,926,928,959,960,0,0,0,0,0,0,0,0,0.960215,2,1,0,2,2,0,1,0
928,928,927,929,960,961,0,0,0,0,0,0,0,0,0.960214,2,1,0,2,2,0,1,0
929,929,928,930,961,962,0,0,0,0,0,0,0,0,0.960214,2,1,0,2,2,0,1,0
930,930,929,931,962,963,0,0,0,0,0,0,0,0,0.960214,2,1,0,2,2,0,1,0
931,931,930,932,963,964,0,0,0,0,0,0,0,0,0.960214,2,1,0,2,2,0,1,0
932,932,931,933,964,965,0,0,0,0,0,0,0,0,0.960215,2,1,0,2,2,0,1,0
933,933,932,934,965,966,0,0,0,0,0,0,0,0,0.960215,2,1,0,2,2,0,1,0
934,934,933,935,966,967,0,0,0,0,0,0,0,0,0.960213,2,1,0,2,2,0,1,0
935,935,934,936,967,968,0,0,0,0,0,0,0,0,0.960207,2,1,0,2,2,0,1,0
936,936,935,937,968,969,0,0,0,0,0,0,0,0,0.960224,2,1,0,2,2,0,1,0
937,937,936,938,969,970,0,0,0,0,0,0,0,0,0.960229,2,1,0,2,2,0,1,0
938,938,937,939,970,971,0,0,0,0,0,0,0,0,0.960229,2,1,0,2,2,0,1,0
939,939,938,940,971,972,0,0,0,0,0,0,0,0,0.960229,2,1,0,2,2,0,1,0
940,940,939,941,972,973,0,0,0,0,0,0,0,0,0.960229,2,1,0,2,2,0,1,0
941,941,940,942,973,974,0,0,0,0,0,0,0,0,0.960229,2,1,0,2,2,0,1,0
942,942,941,943,974,975,0,0,0,0,0,0,0,0,0.960229,2,1,0,2,2,0,1,0
943,943,942,944,975,976,0,0,0,0,0,0,0,0,0.960229,2,1,0,2,2,0,1,0
944,944,943,945,976,977,0,0,0,0,0,0,0,0,0.960229,2,1,0,2,2,0,1,0
945,945,944,946,977,978,0,0,0,0,0,0,0,0,0.960229,2,1,0,2,2,0,1,0
946,946,945,947,978,979,0,0,0,0,0,0,0,0,0.960229,2,1,0,2,2,0,1,0
947,947,946,948,979,980,0,0,0,0,0,0,0,0,0.960229,2,1,0,2,2,0,1,0
948,948,947,949,980,981,0,0,0,0,0,0,0,0,0.960229,2,1,0,2,2,0,1,0
949,949,948,950,981,982,0,0,0,0,0,0,0,0,0.960229,2,1,0,2,2,0,1,0
950,950,949,951,982,983,0,0,0,0,0,0,0,0,0.960229,2,1,0,2,2,0,1,0
951,951,950,952,983,984,0,0,0,0,0,0,0,0,0.960229,2,1,0,2,2,0,1,0
952,952,951,953,984,985,0,0,0,0,0,0,0,0,0.960229,2,1,0,2,2,0,1,0
953,953,952,954,985,986,0,0,0,0,0,0,0,0,0.960229,2,1,0,2,2,0,1,0
954,954,953,350,986,987,0,0,0,0,0,0,0,0,0.960229,2,1,0,2,2,0,1,0
